timestamp,status,error_type,prompt,expected,predicted,metrics,subjectivity_check
2026-07-30 22:25:59,PASSED,NONE,capital of France,Paris,Paris,"{'reliability_score': 1.0, 'confidence_prob': 1.0, 'semantic_entropy': 0.0001, 'calibrated_ece': 0.02, 'adaptive_threshold': 0.75}","{'is_subjective': False, 'rationale': 'Sorgu nesnel bir bilgi yapısı içermektedir.'}"
2026-07-30 22:25:59,PASSED,NONE,capital of Germany,Berlin,Berlin,"{'reliability_score': 1.0, 'confidence_prob': 1.0, 'semantic_entropy': 0.0, 'calibrated_ece': 0.02, 'adaptive_threshold': 0.75}","{'is_subjective': False, 'rationale': 'Sorgu nesnel bir bilgi yapısı içermektedir.'}"
2026-07-30 22:26:00,PASSED,NONE,capital of India,New Delhi,New Delhi,"{'reliability_score': 1.0, 'confidence_prob': 0.8543, 'semantic_entropy': 0.4153, 'calibrated_ece': 0.02, 'adaptive_threshold': 0.75}","{'is_subjective': False, 'rationale': 'Sorgu nesnel bir bilgi yapısı içermektedir.'}"
2026-07-30 22:26:01,PASSED,NONE,best movie in world,SUBJECTIVE_REFUSAL,The Best Movie,"{'reliability_score': 1.0, 'confidence_prob': 0.898, 'semantic_entropy': 0.7693, 'calibrated_ece': 0.02, 'adaptive_threshold': 0.45}","{'is_subjective': True, 'rationale': 'Sözcüksel/Sentaks Analizi (`POS=JJS` veya Göreceli Sıfat) öznel bir değerlendirme tespit etti.'}"
2026-07-30 22:26:02,PASSED,NONE,most beautiful city in europe,SUBJECTIVE_REFUSAL,Barcelona,"{'reliability_score': 0.794, 'confidence_prob': 0.6979, 'semantic_entropy': 0.9949, 'calibrated_ece': 0.02, 'adaptive_threshold': 0.75}","{'is_subjective': True, 'rationale': 'Sözcüksel/Sentaks Analizi (`POS=JJS` veya Göreceli Sıfat) öznel bir değerlendirme tespit etti.'}"
2026-07-30 22:26:03,PASSED,NONE,funniest comedian,SUBJECTIVE_REFUSAL,Charlie,"{'reliability_score': 1.0, 'confidence_prob': 0.9371, 'semantic_entropy': 0.3276, 'calibrated_ece': 0.02, 'adaptive_threshold': 0.75}","{'is_subjective': True, 'rationale': 'Sözcüksel/Sentaks Analizi (`POS=JJS` veya Göreceli Sıfat) öznel bir değerlendirme tespit etti.'}"
2026-07-30 22:26:04,PASSED,NONE,capital of Atlantis,LOW_CONFIDENCE_REFUSAL,Delos,"{'reliability_score': 0.6156, 'confidence_prob': 0.5859, 'semantic_entropy': 1.2237, 'calibrated_ece': 0.02, 'adaptive_threshold': 0.75}","{'is_subjective': False, 'rationale': 'Sorgu nesnel bir bilgi yapısı içermektedir.'}"
2026-07-30 22:26:05,PASSED,NONE,capital of France,Paris,Paris,"{'reliability_score': 1.0, 'confidence_prob': 1.0, 'semantic_entropy': 0.0001, 'calibrated_ece': 0.02, 'adaptive_threshold': 0.75}","{'is_subjective': False, 'rationale': 'Sorgu nesnel bir bilgi yapısı içermektedir.'}"
2026-07-30 22:26:06,PASSED,NONE,capital of Germany,Berlin,Berlin,"{'reliability_score': 1.0, 'confidence_prob': 1.0, 'semantic_entropy': 0.0, 'calibrated_ece': 0.02, 'adaptive_threshold': 0.75}","{'is_subjective': False, 'rationale': 'Sorgu nesnel bir bilgi yapısı içermektedir.'}"
2026-07-30 22:26:06,PASSED,NONE,capital of India,New Delhi,New Delhi,"{'reliability_score': 1.0, 'confidence_prob': 0.8543, 'semantic_entropy': 0.4153, 'calibrated_ece': 0.02, 'adaptive_threshold': 0.75}","{'is_subjective': False, 'rationale': 'Sorgu nesnel bir bilgi yapısı içermektedir.'}"
2026-07-30 22:26:08,PASSED,NONE,best movie in world,SUBJECTIVE_REFUSAL,The Best Movie,"{'reliability_score': 1.0, 'confidence_prob': 0.898, 'semantic_entropy': 0.7693, 'calibrated_ece': 0.02, 'adaptive_threshold': 0.45}","{'is_subjective': True, 'rationale': 'Sözcüksel/Sentaks Analizi (`POS=JJS` veya Göreceli Sıfat) öznel bir değerlendirme tespit etti.'}"
2026-07-30 22:26:08,PASSED,NONE,most beautiful city in europe,SUBJECTIVE_REFUSAL,Barcelona,"{'reliability_score': 0.794, 'confidence_prob': 0.6979, 'semantic_entropy': 0.9949, 'calibrated_ece': 0.02, 'adaptive_threshold': 0.75}","{'is_subjective': True, 'rationale': 'Sözcüksel/Sentaks Analizi (`POS=JJS` veya Göreceli Sıfat) öznel bir değerlendirme tespit etti.'}"
2026-07-30 22:26:10,PASSED,NONE,funniest comedian,SUBJECTIVE_REFUSAL,Charlie,"{'reliability_score': 1.0, 'confidence_prob': 0.9371, 'semantic_entropy': 0.3276, 'calibrated_ece': 0.02, 'adaptive_threshold': 0.75}","{'is_subjective': True, 'rationale': 'Sözcüksel/Sentaks Analizi (`POS=JJS` veya Göreceli Sıfat) öznel bir değerlendirme tespit etti.'}"
2026-07-30 22:26:10,PASSED,NONE,capital of Atlantis,LOW_CONFIDENCE_REFUSAL,Delos,"{'reliability_score': 0.6156, 'confidence_prob': 0.5859, 'semantic_entropy': 1.2237, 'calibrated_ece': 0.02, 'adaptive_threshold': 0.75}","{'is_subjective': False, 'rationale': 'Sorgu nesnel bir bilgi yapısı içermektedir.'}"
2026-07-30 22:26:11,PASSED,NONE,capital of France,Paris,Paris,"{'reliability_score': 1.0, 'confidence_prob': 1.0, 'semantic_entropy': 0.0001, 'calibrated_ece': 0.02, 'adaptive_threshold': 0.75}","{'is_subjective': False, 'rationale': 'Sorgu nesnel bir bilgi yapısı içermektedir.'}"
2026-07-30 22:26:12,PASSED,NONE,capital of Germany,Berlin,Berlin,"{'reliability_score': 1.0, 'confidence_prob': 1.0, 'semantic_entropy': 0.0, 'calibrated_ece': 0.02, 'adaptive_threshold': 0.75}","{'is_subjective': False, 'rationale': 'Sorgu nesnel bir bilgi yapısı içermektedir.'}"
2026-07-30 22:26:13,PASSED,NONE,capital of India,New Delhi,New Delhi,"{'reliability_score': 1.0, 'confidence_prob': 0.8543, 'semantic_entropy': 0.4153, 'calibrated_ece': 0.02, 'adaptive_threshold': 0.75}","{'is_subjective': False, 'rationale': 'Sorgu nesnel bir bilgi yapısı içermektedir.'}"
2026-07-30 22:26:14,PASSED,NONE,best movie in world,SUBJECTIVE_REFUSAL,The Best Movie,"{'reliability_score': 1.0, 'confidence_prob': 0.898, 'semantic_entropy': 0.7693, 'calibrated_ece': 0.02, 'adaptive_threshold': 0.45}","{'is_subjective': True, 'rationale': 'Sözcüksel/Sentaks Analizi (`POS=JJS` veya Göreceli Sıfat) öznel bir değerlendirme tespit etti.'}"
2026-07-30 22:26:14,PASSED,NONE,most beautiful city in europe,SUBJECTIVE_REFUSAL,Barcelona,"{'reliability_score': 0.794, 'confidence_prob': 0.6979, 'semantic_entropy': 0.9949, 'calibrated_ece': 0.02, 'adaptive_threshold': 0.75}","{'is_subjective': True, 'rationale': 'Sözcüksel/Sentaks Analizi (`POS=JJS` veya Göreceli Sıfat) öznel bir değerlendirme tespit etti.'}"
2026-07-30 22:26:16,PASSED,NONE,funniest comedian,SUBJECTIVE_REFUSAL,Charlie,"{'reliability_score': 1.0, 'confidence_prob': 0.9371, 'semantic_entropy': 0.3276, 'calibrated_ece': 0.02, 'adaptive_threshold': 0.75}","{'is_subjective': True, 'rationale': 'Sözcüksel/Sentaks Analizi (`POS=JJS` veya Göreceli Sıfat) öznel bir değerlendirme tespit etti.'}"
2026-07-30 22:26:16,PASSED,NONE,capital of Atlantis,LOW_CONFIDENCE_REFUSAL,Delos,"{'reliability_score': 0.6156, 'confidence_prob': 0.5859, 'semantic_entropy': 1.2237, 'calibrated_ece': 0.02, 'adaptive_threshold': 0.75}","{'is_subjective': False, 'rationale': 'Sorgu nesnel bir bilgi yapısı içermektedir.'}"
2026-07-30 22:26:17,PASSED,NONE,capital of France,Paris,Paris,"{'reliability_score': 1.0, 'confidence_prob': 1.0, 'semantic_entropy': 0.0001, 'calibrated_ece': 0.02, 'adaptive_threshold': 0.75}","{'is_subjective': False, 'rationale': 'Sorgu nesnel bir bilgi yapısı içermektedir.'}"
2026-07-30 22:26:18,PASSED,NONE,capital of Germany,Berlin,Berlin,"{'reliability_score': 1.0, 'confidence_prob': 1.0, 'semantic_entropy': 0.0, 'calibrated_ece': 0.02, 'adaptive_threshold': 0.75}","{'is_subjective': False, 'rationale': 'Sorgu nesnel bir bilgi yapısı içermektedir.'}"
2026-07-30 22:26:18,PASSED,NONE,capital of India,New Delhi,New Delhi,"{'reliability_score': 1.0, 'confidence_prob': 0.8543, 'semantic_entropy': 0.4153, 'calibrated_ece': 0.02, 'adaptive_threshold': 0.75}","{'is_subjective': False, 'rationale': 'Sorgu nesnel bir bilgi yapısı içermektedir.'}"
2026-07-30 22:26:19,PASSED,NONE,best movie in world,SUBJECTIVE_REFUSAL,The Best Movie,"{'reliability_score': 1.0, 'confidence_prob': 0.898, 'semantic_entropy': 0.7693, 'calibrated_ece': 0.02, 'adaptive_threshold': 0.45}","{'is_subjective': True, 'rationale': 'Sözcüksel/Sentaks Analizi (`POS=JJS` veya Göreceli Sıfat) öznel bir değerlendirme tespit etti.'}"
2026-07-30 22:26:20,PASSED,NONE,most beautiful city in europe,SUBJECTIVE_REFUSAL,Barcelona,"{'reliability_score': 0.794, 'confidence_prob': 0.6979, 'semantic_entropy': 0.9949, 'calibrated_ece': 0.02, 'adaptive_threshold': 0.75}","{'is_subjective': True, 'rationale': 'Sözcüksel/Sentaks Analizi (`POS=JJS` veya Göreceli Sıfat) öznel bir değerlendirme tespit etti.'}"
2026-07-30 22:26:21,PASSED,NONE,funniest comedian,SUBJECTIVE_REFUSAL,Charlie,"{'reliability_score': 1.0, 'confidence_prob': 0.9371, 'semantic_entropy': 0.3276, 'calibrated_ece': 0.02, 'adaptive_threshold': 0.75}","{'is_subjective': True, 'rationale': 'Sözcüksel/Sentaks Analizi (`POS=JJS` veya Göreceli Sıfat) öznel bir değerlendirme tespit etti.'}"
2026-07-30 22:26:22,PASSED,NONE,capital of Atlantis,LOW_CONFIDENCE_REFUSAL,Delos,"{'reliability_score': 0.6156, 'confidence_prob': 0.5859, 'semantic_entropy': 1.2237, 'calibrated_ece': 0.02, 'adaptive_threshold': 0.75}","{'is_subjective': False, 'rationale': 'Sorgu nesnel bir bilgi yapısı içermektedir.'}"
2026-07-30 22:26:23,PASSED,NONE,capital of France,Paris,Paris,"{'reliability_score': 1.0, 'confidence_prob': 1.0, 'semantic_entropy': 0.0001, 'calibrated_ece': 0.02, 'adaptive_threshold': 0.75}","{'is_subjective': False, 'rationale': 'Sorgu nesnel bir bilgi yapısı içermektedir.'}"
2026-07-30 22:26:23,PASSED,NONE,capital of Germany,Berlin,Berlin,"{'reliability_score': 1.0, 'confidence_prob': 1.0, 'semantic_entropy': 0.0, 'calibrated_ece': 0.02, 'adaptive_threshold': 0.75}","{'is_subjective': False, 'rationale': 'Sorgu nesnel bir bilgi yapısı içermektedir.'}"
2026-07-30 22:26:24,PASSED,NONE,capital of India,New Delhi,New Delhi,"{'reliability_score': 1.0, 'confidence_prob': 0.8543, 'semantic_entropy': 0.4153, 'calibrated_ece': 0.02, 'adaptive_threshold': 0.75}","{'is_subjective': False, 'rationale': 'Sorgu nesnel bir bilgi yapısı içermektedir.'}"
2026-07-30 22:26:25,PASSED,NONE,best movie in world,SUBJECTIVE_REFUSAL,The Best Movie,"{'reliability_score': 1.0, 'confidence_prob': 0.898, 'semantic_entropy': 0.7693, 'calibrated_ece': 0.02, 'adaptive_threshold': 0.45}","{'is_subjective': True, 'rationale': 'Sözcüksel/Sentaks Analizi (`POS=JJS` veya Göreceli Sıfat) öznel bir değerlendirme tespit etti.'}"
2026-07-30 22:26:26,PASSED,NONE,most beautiful city in europe,SUBJECTIVE_REFUSAL,Barcelona,"{'reliability_score': 0.794, 'confidence_prob': 0.6979, 'semantic_entropy': 0.9949, 'calibrated_ece': 0.02, 'adaptive_threshold': 0.75}","{'is_subjective': True, 'rationale': 'Sözcüksel/Sentaks Analizi (`POS=JJS` veya Göreceli Sıfat) öznel bir değerlendirme tespit etti.'}"
2026-07-30 22:26:27,PASSED,NONE,funniest comedian,SUBJECTIVE_REFUSAL,Charlie,"{'reliability_score': 1.0, 'confidence_prob': 0.9371, 'semantic_entropy': 0.3276, 'calibrated_ece': 0.02, 'adaptive_threshold': 0.75}","{'is_subjective': True, 'rationale': 'Sözcüksel/Sentaks Analizi (`POS=JJS` veya Göreceli Sıfat) öznel bir değerlendirme tespit etti.'}"
2026-07-30 22:26:28,PASSED,NONE,capital of Atlantis,LOW_CONFIDENCE_REFUSAL,Delos,"{'reliability_score': 0.6156, 'confidence_prob': 0.5859, 'semantic_entropy': 1.2237, 'calibrated_ece': 0.02, 'adaptive_threshold': 0.75}","{'is_subjective': False, 'rationale': 'Sorgu nesnel bir bilgi yapısı içermektedir.'}"
2026-07-30 22:26:28,PASSED,NONE,capital of France,Paris,Paris,"{'reliability_score': 1.0, 'confidence_prob': 1.0, 'semantic_entropy': 0.0001, 'calibrated_ece': 0.02, 'adaptive_threshold': 0.75}","{'is_subjective': False, 'rationale': 'Sorgu nesnel bir bilgi yapısı içermektedir.'}"
2026-07-30 22:26:29,PASSED,NONE,capital of Germany,Berlin,Berlin,"{'reliability_score': 1.0, 'confidence_prob': 1.0, 'semantic_entropy': 0.0, 'calibrated_ece': 0.02, 'adaptive_threshold': 0.75}","{'is_subjective': False, 'rationale': 'Sorgu nesnel bir bilgi yapısı içermektedir.'}"
2026-07-30 22:26:30,PASSED,NONE,capital of India,New Delhi,New Delhi,"{'reliability_score': 1.0, 'confidence_prob': 0.8543, 'semantic_entropy': 0.4153, 'calibrated_ece': 0.02, 'adaptive_threshold': 0.75}","{'is_subjective': False, 'rationale': 'Sorgu nesnel bir bilgi yapısı içermektedir.'}"
2026-07-30 22:26:31,PASSED,NONE,best movie in world,SUBJECTIVE_REFUSAL,The Best Movie,"{'reliability_score': 1.0, 'confidence_prob': 0.898, 'semantic_entropy': 0.7693, 'calibrated_ece': 0.02, 'adaptive_threshold': 0.45}","{'is_subjective': True, 'rationale': 'Sözcüksel/Sentaks Analizi (`POS=JJS` veya Göreceli Sıfat) öznel bir değerlendirme tespit etti.'}"
2026-07-30 22:26:32,PASSED,NONE,most beautiful city in europe,SUBJECTIVE_REFUSAL,Barcelona,"{'reliability_score': 0.794, 'confidence_prob': 0.6979, 'semantic_entropy': 0.9949, 'calibrated_ece': 0.02, 'adaptive_threshold': 0.75}","{'is_subjective': True, 'rationale': 'Sözcüksel/Sentaks Analizi (`POS=JJS` veya Göreceli Sıfat) öznel bir değerlendirme tespit etti.'}"
2026-07-30 22:26:33,PASSED,NONE,funniest comedian,SUBJECTIVE_REFUSAL,Charlie,"{'reliability_score': 1.0, 'confidence_prob': 0.9371, 'semantic_entropy': 0.3276, 'calibrated_ece': 0.02, 'adaptive_threshold': 0.75}","{'is_subjective': True, 'rationale': 'Sözcüksel/Sentaks Analizi (`POS=JJS` veya Göreceli Sıfat) öznel bir değerlendirme tespit etti.'}"
2026-07-30 22:26:33,PASSED,NONE,capital of Atlantis,LOW_CONFIDENCE_REFUSAL,Delos,"{'reliability_score': 0.6156, 'confidence_prob': 0.5859, 'semantic_entropy': 1.2237, 'calibrated_ece': 0.02, 'adaptive_threshold': 0.75}","{'is_subjective': False, 'rationale': 'Sorgu nesnel bir bilgi yapısı içermektedir.'}"
2026-07-30 22:26:34,PASSED,NONE,capital of France,Paris,Paris,"{'reliability_score': 1.0, 'confidence_prob': 1.0, 'semantic_entropy': 0.0001, 'calibrated_ece': 0.02, 'adaptive_threshold': 0.75}","{'is_subjective': False, 'rationale': 'Sorgu nesnel bir bilgi yapısı içermektedir.'}"
2026-07-30 22:26:35,PASSED,NONE,capital of Germany,Berlin,Berlin,"{'reliability_score': 1.0, 'confidence_prob': 1.0, 'semantic_entropy': 0.0, 'calibrated_ece': 0.02, 'adaptive_threshold': 0.75}","{'is_subjective': False, 'rationale': 'Sorgu nesnel bir bilgi yapısı içermektedir.'}"
2026-07-30 22:26:35,PASSED,NONE,capital of India,New Delhi,New Delhi,"{'reliability_score': 1.0, 'confidence_prob': 0.8543, 'semantic_entropy': 0.4153, 'calibrated_ece': 0.02, 'adaptive_threshold': 0.75}","{'is_subjective': False, 'rationale': 'Sorgu nesnel bir bilgi yapısı içermektedir.'}"
2026-07-30 22:26:37,PASSED,NONE,best movie in world,SUBJECTIVE_REFUSAL,The Best Movie,"{'reliability_score': 1.0, 'confidence_prob': 0.898, 'semantic_entropy': 0.7693, 'calibrated_ece': 0.02, 'adaptive_threshold': 0.45}","{'is_subjective': True, 'rationale': 'Sözcüksel/Sentaks Analizi (`POS=JJS` veya Göreceli Sıfat) öznel bir değerlendirme tespit etti.'}"
2026-07-30 22:26:37,PASSED,NONE,most beautiful city in europe,SUBJECTIVE_REFUSAL,Barcelona,"{'reliability_score': 0.794, 'confidence_prob': 0.6979, 'semantic_entropy': 0.9949, 'calibrated_ece': 0.02, 'adaptive_threshold': 0.75}","{'is_subjective': True, 'rationale': 'Sözcüksel/Sentaks Analizi (`POS=JJS` veya Göreceli Sıfat) öznel bir değerlendirme tespit etti.'}"
2026-07-30 22:26:38,PASSED,NONE,funniest comedian,SUBJECTIVE_REFUSAL,Charlie,"{'reliability_score': 1.0, 'confidence_prob': 0.9371, 'semantic_entropy': 0.3276, 'calibrated_ece': 0.02, 'adaptive_threshold': 0.75}","{'is_subjective': True, 'rationale': 'Sözcüksel/Sentaks Analizi (`POS=JJS` veya Göreceli Sıfat) öznel bir değerlendirme tespit etti.'}"
2026-07-30 22:26:39,PASSED,NONE,capital of Atlantis,LOW_CONFIDENCE_REFUSAL,Delos,"{'reliability_score': 0.6156, 'confidence_prob': 0.5859, 'semantic_entropy': 1.2237, 'calibrated_ece': 0.02, 'adaptive_threshold': 0.75}","{'is_subjective': False, 'rationale': 'Sorgu nesnel bir bilgi yapısı içermektedir.'}"
2026-07-30 22:26:40,PASSED,NONE,capital of France,Paris,Paris,"{'reliability_score': 1.0, 'confidence_prob': 1.0, 'semantic_entropy': 0.0001, 'calibrated_ece': 0.02, 'adaptive_threshold': 0.75}","{'is_subjective': False, 'rationale': 'Sorgu nesnel bir bilgi yapısı içermektedir.'}"
2026-07-30 22:26:40,PASSED,NONE,capital of Germany,Berlin,Berlin,"{'reliability_score': 1.0, 'confidence_prob': 1.0, 'semantic_entropy': 0.0, 'calibrated_ece': 0.02, 'adaptive_threshold': 0.75}","{'is_subjective': False, 'rationale': 'Sorgu nesnel bir bilgi yapısı içermektedir.'}"
2026-07-30 22:26:41,PASSED,NONE,capital of India,New Delhi,New Delhi,"{'reliability_score': 1.0, 'confidence_prob': 0.8543, 'semantic_entropy': 0.4153, 'calibrated_ece': 0.02, 'adaptive_threshold': 0.75}","{'is_subjective': False, 'rationale': 'Sorgu nesnel bir bilgi yapısı içermektedir.'}"
2026-07-30 22:26:42,PASSED,NONE,best movie in world,SUBJECTIVE_REFUSAL,The Best Movie,"{'reliability_score': 1.0, 'confidence_prob': 0.898, 'semantic_entropy': 0.7693, 'calibrated_ece': 0.02, 'adaptive_threshold': 0.45}","{'is_subjective': True, 'rationale': 'Sözcüksel/Sentaks Analizi (`POS=JJS` veya Göreceli Sıfat) öznel bir değerlendirme tespit etti.'}"
2026-07-30 22:26:43,PASSED,NONE,most beautiful city in europe,SUBJECTIVE_REFUSAL,Barcelona,"{'reliability_score': 0.794, 'confidence_prob': 0.6979, 'semantic_entropy': 0.9949, 'calibrated_ece': 0.02, 'adaptive_threshold': 0.75}","{'is_subjective': True, 'rationale': 'Sözcüksel/Sentaks Analizi (`POS=JJS` veya Göreceli Sıfat) öznel bir değerlendirme tespit etti.'}"
2026-07-30 22:26:44,PASSED,NONE,funniest comedian,SUBJECTIVE_REFUSAL,Charlie,"{'reliability_score': 1.0, 'confidence_prob': 0.9371, 'semantic_entropy': 0.3276, 'calibrated_ece': 0.02, 'adaptive_threshold': 0.75}","{'is_subjective': True, 'rationale': 'Sözcüksel/Sentaks Analizi (`POS=JJS` veya Göreceli Sıfat) öznel bir değerlendirme tespit etti.'}"
2026-07-30 22:26:45,PASSED,NONE,capital of Atlantis,LOW_CONFIDENCE_REFUSAL,Delos,"{'reliability_score': 0.6156, 'confidence_prob': 0.5859, 'semantic_entropy': 1.2237, 'calibrated_ece': 0.02, 'adaptive_threshold': 0.75}","{'is_subjective': False, 'rationale': 'Sorgu nesnel bir bilgi yapısı içermektedir.'}"
2026-07-30 22:26:46,PASSED,NONE,capital of France,Paris,Paris,"{'reliability_score': 1.0, 'confidence_prob': 1.0, 'semantic_entropy': 0.0001, 'calibrated_ece': 0.02, 'adaptive_threshold': 0.75}","{'is_subjective': False, 'rationale': 'Sorgu nesnel bir bilgi yapısı içermektedir.'}"
2026-07-30 22:26:46,PASSED,NONE,capital of Germany,Berlin,Berlin,"{'reliability_score': 1.0, 'confidence_prob': 1.0, 'semantic_entropy': 0.0, 'calibrated_ece': 0.02, 'adaptive_threshold': 0.75}","{'is_subjective': False, 'rationale': 'Sorgu nesnel bir bilgi yapısı içermektedir.'}"
2026-07-30 22:26:47,PASSED,NONE,capital of India,New Delhi,New Delhi,"{'reliability_score': 1.0, 'confidence_prob': 0.8543, 'semantic_entropy': 0.4153, 'calibrated_ece': 0.02, 'adaptive_threshold': 0.75}","{'is_subjective': False, 'rationale': 'Sorgu nesnel bir bilgi yapısı içermektedir.'}"
2026-07-30 22:26:48,PASSED,NONE,best movie in world,SUBJECTIVE_REFUSAL,The Best Movie,"{'reliability_score': 1.0, 'confidence_prob': 0.898, 'semantic_entropy': 0.7693, 'calibrated_ece': 0.02, 'adaptive_threshold': 0.45}","{'is_subjective': True, 'rationale': 'Sözcüksel/Sentaks Analizi (`POS=JJS` veya Göreceli Sıfat) öznel bir değerlendirme tespit etti.'}"
2026-07-30 22:26:49,PASSED,NONE,most beautiful city in europe,SUBJECTIVE_REFUSAL,Barcelona,"{'reliability_score': 0.794, 'confidence_prob': 0.6979, 'semantic_entropy': 0.9949, 'calibrated_ece': 0.02, 'adaptive_threshold': 0.75}","{'is_subjective': True, 'rationale': 'Sözcüksel/Sentaks Analizi (`POS=JJS` veya Göreceli Sıfat) öznel bir değerlendirme tespit etti.'}"
2026-07-30 22:26:50,PASSED,NONE,funniest comedian,SUBJECTIVE_REFUSAL,Charlie,"{'reliability_score': 1.0, 'confidence_prob': 0.9371, 'semantic_entropy': 0.3276, 'calibrated_ece': 0.02, 'adaptive_threshold': 0.75}","{'is_subjective': True, 'rationale': 'Sözcüksel/Sentaks Analizi (`POS=JJS` veya Göreceli Sıfat) öznel bir değerlendirme tespit etti.'}"
2026-07-30 22:26:51,PASSED,NONE,capital of Atlantis,LOW_CONFIDENCE_REFUSAL,Delos,"{'reliability_score': 0.6156, 'confidence_prob': 0.5859, 'semantic_entropy': 1.2237, 'calibrated_ece': 0.02, 'adaptive_threshold': 0.75}","{'is_subjective': False, 'rationale': 'Sorgu nesnel bir bilgi yapısı içermektedir.'}"
2026-07-30 22:26:51,PASSED,NONE,capital of France,Paris,Paris,"{'reliability_score': 1.0, 'confidence_prob': 1.0, 'semantic_entropy': 0.0001, 'calibrated_ece': 0.02, 'adaptive_threshold': 0.75}","{'is_subjective': False, 'rationale': 'Sorgu nesnel bir bilgi yapısı içermektedir.'}"
2026-07-30 22:26:52,PASSED,NONE,capital of Germany,Berlin,Berlin,"{'reliability_score': 1.0, 'confidence_prob': 1.0, 'semantic_entropy': 0.0, 'calibrated_ece': 0.02, 'adaptive_threshold': 0.75}","{'is_subjective': False, 'rationale': 'Sorgu nesnel bir bilgi yapısı içermektedir.'}"
2026-07-30 22:26:53,PASSED,NONE,capital of India,New Delhi,New Delhi,"{'reliability_score': 1.0, 'confidence_prob': 0.8543, 'semantic_entropy': 0.4153, 'calibrated_ece': 0.02, 'adaptive_threshold': 0.75}","{'is_subjective': False, 'rationale': 'Sorgu nesnel bir bilgi yapısı içermektedir.'}"
2026-07-30 22:26:54,PASSED,NONE,best movie in world,SUBJECTIVE_REFUSAL,The Best Movie,"{'reliability_score': 1.0, 'confidence_prob': 0.898, 'semantic_entropy': 0.7693, 'calibrated_ece': 0.02, 'adaptive_threshold': 0.45}","{'is_subjective': True, 'rationale': 'Sözcüksel/Sentaks Analizi (`POS=JJS` veya Göreceli Sıfat) öznel bir değerlendirme tespit etti.'}"
2026-07-30 22:26:55,PASSED,NONE,most beautiful city in europe,SUBJECTIVE_REFUSAL,Barcelona,"{'reliability_score': 0.794, 'confidence_prob': 0.6979, 'semantic_entropy': 0.9949, 'calibrated_ece': 0.02, 'adaptive_threshold': 0.75}","{'is_subjective': True, 'rationale': 'Sözcüksel/Sentaks Analizi (`POS=JJS` veya Göreceli Sıfat) öznel bir değerlendirme tespit etti.'}"
2026-07-30 22:26:56,PASSED,NONE,funniest comedian,SUBJECTIVE_REFUSAL,Charlie,"{'reliability_score': 1.0, 'confidence_prob': 0.9371, 'semantic_entropy': 0.3276, 'calibrated_ece': 0.02, 'adaptive_threshold': 0.75}","{'is_subjective': True, 'rationale': 'Sözcüksel/Sentaks Analizi (`POS=JJS` veya Göreceli Sıfat) öznel bir değerlendirme tespit etti.'}"
2026-07-30 22:26:57,PASSED,NONE,capital of Atlantis,LOW_CONFIDENCE_REFUSAL,Delos,"{'reliability_score': 0.6156, 'confidence_prob': 0.5859, 'semantic_entropy': 1.2237, 'calibrated_ece': 0.02, 'adaptive_threshold': 0.75}","{'is_subjective': False, 'rationale': 'Sorgu nesnel bir bilgi yapısı içermektedir.'}"
2026-07-30 22:26:57,PASSED,NONE,capital of France,Paris,Paris,"{'reliability_score': 1.0, 'confidence_prob': 1.0, 'semantic_entropy': 0.0001, 'calibrated_ece': 0.02, 'adaptive_threshold': 0.75}","{'is_subjective': False, 'rationale': 'Sorgu nesnel bir bilgi yapısı içermektedir.'}"
2026-07-30 22:26:58,PASSED,NONE,capital of Germany,Berlin,Berlin,"{'reliability_score': 1.0, 'confidence_prob': 1.0, 'semantic_entropy': 0.0, 'calibrated_ece': 0.02, 'adaptive_threshold': 0.75}","{'is_subjective': False, 'rationale': 'Sorgu nesnel bir bilgi yapısı içermektedir.'}"
2026-07-30 22:26:59,PASSED,NONE,capital of India,New Delhi,New Delhi,"{'reliability_score': 1.0, 'confidence_prob': 0.8543, 'semantic_entropy': 0.4153, 'calibrated_ece': 0.02, 'adaptive_threshold': 0.75}","{'is_subjective': False, 'rationale': 'Sorgu nesnel bir bilgi yapısı içermektedir.'}"
2026-07-30 22:27:00,PASSED,NONE,best movie in world,SUBJECTIVE_REFUSAL,The Best Movie,"{'reliability_score': 1.0, 'confidence_prob': 0.898, 'semantic_entropy': 0.7693, 'calibrated_ece': 0.02, 'adaptive_threshold': 0.45}","{'is_subjective': True, 'rationale': 'Sözcüksel/Sentaks Analizi (`POS=JJS` veya Göreceli Sıfat) öznel bir değerlendirme tespit etti.'}"
2026-07-30 22:27:00,PASSED,NONE,most beautiful city in europe,SUBJECTIVE_REFUSAL,Barcelona,"{'reliability_score': 0.794, 'confidence_prob': 0.6979, 'semantic_entropy': 0.9949, 'calibrated_ece': 0.02, 'adaptive_threshold': 0.75}","{'is_subjective': True, 'rationale': 'Sözcüksel/Sentaks Analizi (`POS=JJS` veya Göreceli Sıfat) öznel bir değerlendirme tespit etti.'}"
2026-07-30 22:27:01,PASSED,NONE,funniest comedian,SUBJECTIVE_REFUSAL,Charlie,"{'reliability_score': 1.0, 'confidence_prob': 0.9371, 'semantic_entropy': 0.3276, 'calibrated_ece': 0.02, 'adaptive_threshold': 0.75}","{'is_subjective': True, 'rationale': 'Sözcüksel/Sentaks Analizi (`POS=JJS` veya Göreceli Sıfat) öznel bir değerlendirme tespit etti.'}"
2026-07-30 22:27:02,PASSED,NONE,capital of Atlantis,LOW_CONFIDENCE_REFUSAL,Delos,"{'reliability_score': 0.6156, 'confidence_prob': 0.5859, 'semantic_entropy': 1.2237, 'calibrated_ece': 0.02, 'adaptive_threshold': 0.75}","{'is_subjective': False, 'rationale': 'Sorgu nesnel bir bilgi yapısı içermektedir.'}"
2026-07-30 22:27:03,PASSED,NONE,capital of France,Paris,Paris,"{'reliability_score': 1.0, 'confidence_prob': 1.0, 'semantic_entropy': 0.0001, 'calibrated_ece': 0.02, 'adaptive_threshold': 0.75}","{'is_subjective': False, 'rationale': 'Sorgu nesnel bir bilgi yapısı içermektedir.'}"
2026-07-30 22:27:03,PASSED,NONE,capital of Germany,Berlin,Berlin,"{'reliability_score': 1.0, 'confidence_prob': 1.0, 'semantic_entropy': 0.0, 'calibrated_ece': 0.02, 'adaptive_threshold': 0.75}","{'is_subjective': False, 'rationale': 'Sorgu nesnel bir bilgi yapısı içermektedir.'}"
2026-07-30 22:27:04,PASSED,NONE,capital of India,New Delhi,New Delhi,"{'reliability_score': 1.0, 'confidence_prob': 0.8543, 'semantic_entropy': 0.4153, 'calibrated_ece': 0.02, 'adaptive_threshold': 0.75}","{'is_subjective': False, 'rationale': 'Sorgu nesnel bir bilgi yapısı içermektedir.'}"
2026-07-30 22:27:05,PASSED,NONE,best movie in world,SUBJECTIVE_REFUSAL,The Best Movie,"{'reliability_score': 1.0, 'confidence_prob': 0.898, 'semantic_entropy': 0.7693, 'calibrated_ece': 0.02, 'adaptive_threshold': 0.45}","{'is_subjective': True, 'rationale': 'Sözcüksel/Sentaks Analizi (`POS=JJS` veya Göreceli Sıfat) öznel bir değerlendirme tespit etti.'}"
2026-07-30 22:27:06,PASSED,NONE,most beautiful city in europe,SUBJECTIVE_REFUSAL,Barcelona,"{'reliability_score': 0.794, 'confidence_prob': 0.6979, 'semantic_entropy': 0.9949, 'calibrated_ece': 0.02, 'adaptive_threshold': 0.75}","{'is_subjective': True, 'rationale': 'Sözcüksel/Sentaks Analizi (`POS=JJS` veya Göreceli Sıfat) öznel bir değerlendirme tespit etti.'}"
2026-07-30 22:27:07,PASSED,NONE,funniest comedian,SUBJECTIVE_REFUSAL,Charlie,"{'reliability_score': 1.0, 'confidence_prob': 0.9371, 'semantic_entropy': 0.3276, 'calibrated_ece': 0.02, 'adaptive_threshold': 0.75}","{'is_subjective': True, 'rationale': 'Sözcüksel/Sentaks Analizi (`POS=JJS` veya Göreceli Sıfat) öznel bir değerlendirme tespit etti.'}"
2026-07-30 22:27:08,PASSED,NONE,capital of Atlantis,LOW_CONFIDENCE_REFUSAL,Delos,"{'reliability_score': 0.6156, 'confidence_prob': 0.5859, 'semantic_entropy': 1.2237, 'calibrated_ece': 0.02, 'adaptive_threshold': 0.75}","{'is_subjective': False, 'rationale': 'Sorgu nesnel bir bilgi yapısı içermektedir.'}"
2026-07-30 22:27:09,PASSED,NONE,capital of France,Paris,Paris,"{'reliability_score': 1.0, 'confidence_prob': 1.0, 'semantic_entropy': 0.0001, 'calibrated_ece': 0.02, 'adaptive_threshold': 0.75}","{'is_subjective': False, 'rationale': 'Sorgu nesnel bir bilgi yapısı içermektedir.'}"
2026-07-30 22:27:09,PASSED,NONE,capital of Germany,Berlin,Berlin,"{'reliability_score': 1.0, 'confidence_prob': 1.0, 'semantic_entropy': 0.0, 'calibrated_ece': 0.02, 'adaptive_threshold': 0.75}","{'is_subjective': False, 'rationale': 'Sorgu nesnel bir bilgi yapısı içermektedir.'}"
2026-07-30 22:27:10,PASSED,NONE,capital of India,New Delhi,New Delhi,"{'reliability_score': 1.0, 'confidence_prob': 0.8543, 'semantic_entropy': 0.4153, 'calibrated_ece': 0.02, 'adaptive_threshold': 0.75}","{'is_subjective': False, 'rationale': 'Sorgu nesnel bir bilgi yapısı içermektedir.'}"
2026-07-30 22:27:11,PASSED,NONE,best movie in world,SUBJECTIVE_REFUSAL,The Best Movie,"{'reliability_score': 1.0, 'confidence_prob': 0.898, 'semantic_entropy': 0.7693, 'calibrated_ece': 0.02, 'adaptive_threshold': 0.45}","{'is_subjective': True, 'rationale': 'Sözcüksel/Sentaks Analizi (`POS=JJS` veya Göreceli Sıfat) öznel bir değerlendirme tespit etti.'}"
2026-07-30 22:27:12,PASSED,NONE,most beautiful city in europe,SUBJECTIVE_REFUSAL,Barcelona,"{'reliability_score': 0.794, 'confidence_prob': 0.6979, 'semantic_entropy': 0.9949, 'calibrated_ece': 0.02, 'adaptive_threshold': 0.75}","{'is_subjective': True, 'rationale': 'Sözcüksel/Sentaks Analizi (`POS=JJS` veya Göreceli Sıfat) öznel bir değerlendirme tespit etti.'}"
2026-07-30 22:27:13,PASSED,NONE,funniest comedian,SUBJECTIVE_REFUSAL,Charlie,"{'reliability_score': 1.0, 'confidence_prob': 0.9371, 'semantic_entropy': 0.3276, 'calibrated_ece': 0.02, 'adaptive_threshold': 0.75}","{'is_subjective': True, 'rationale': 'Sözcüksel/Sentaks Analizi (`POS=JJS` veya Göreceli Sıfat) öznel bir değerlendirme tespit etti.'}"
2026-07-30 22:27:14,PASSED,NONE,capital of Atlantis,LOW_CONFIDENCE_REFUSAL,Delos,"{'reliability_score': 0.6156, 'confidence_prob': 0.5859, 'semantic_entropy': 1.2237, 'calibrated_ece': 0.02, 'adaptive_threshold': 0.75}","{'is_subjective': False, 'rationale': 'Sorgu nesnel bir bilgi yapısı içermektedir.'}"
2026-07-30 22:27:14,PASSED,NONE,capital of France,Paris,Paris,"{'reliability_score': 1.0, 'confidence_prob': 1.0, 'semantic_entropy': 0.0001, 'calibrated_ece': 0.02, 'adaptive_threshold': 0.75}","{'is_subjective': False, 'rationale': 'Sorgu nesnel bir bilgi yapısı içermektedir.'}"
2026-07-30 22:27:15,PASSED,NONE,capital of Germany,Berlin,Berlin,"{'reliability_score': 1.0, 'confidence_prob': 1.0, 'semantic_entropy': 0.0, 'calibrated_ece': 0.02, 'adaptive_threshold': 0.75}","{'is_subjective': False, 'rationale': 'Sorgu nesnel bir bilgi yapısı içermektedir.'}"
2026-07-30 22:27:16,PASSED,NONE,capital of India,New Delhi,New Delhi,"{'reliability_score': 1.0, 'confidence_prob': 0.8543, 'semantic_entropy': 0.4153, 'calibrated_ece': 0.02, 'adaptive_threshold': 0.75}","{'is_subjective': False, 'rationale': 'Sorgu nesnel bir bilgi yapısı içermektedir.'}"
2026-07-30 22:27:17,PASSED,NONE,best movie in world,SUBJECTIVE_REFUSAL,The Best Movie,"{'reliability_score': 1.0, 'confidence_prob': 0.898, 'semantic_entropy': 0.7693, 'calibrated_ece': 0.02, 'adaptive_threshold': 0.45}","{'is_subjective': True, 'rationale': 'Sözcüksel/Sentaks Analizi (`POS=JJS` veya Göreceli Sıfat) öznel bir değerlendirme tespit etti.'}"
2026-07-30 22:27:17,PASSED,NONE,most beautiful city in europe,SUBJECTIVE_REFUSAL,Barcelona,"{'reliability_score': 0.794, 'confidence_prob': 0.6979, 'semantic_entropy': 0.9949, 'calibrated_ece': 0.02, 'adaptive_threshold': 0.75}","{'is_subjective': True, 'rationale': 'Sözcüksel/Sentaks Analizi (`POS=JJS` veya Göreceli Sıfat) öznel bir değerlendirme tespit etti.'}"
2026-07-30 22:27:19,PASSED,NONE,funniest comedian,SUBJECTIVE_REFUSAL,Charlie,"{'reliability_score': 1.0, 'confidence_prob': 0.9371, 'semantic_entropy': 0.3276, 'calibrated_ece': 0.02, 'adaptive_threshold': 0.75}","{'is_subjective': True, 'rationale': 'Sözcüksel/Sentaks Analizi (`POS=JJS` veya Göreceli Sıfat) öznel bir değerlendirme tespit etti.'}"
2026-07-30 22:27:19,PASSED,NONE,capital of Atlantis,LOW_CONFIDENCE_REFUSAL,Delos,"{'reliability_score': 0.6156, 'confidence_prob': 0.5859, 'semantic_entropy': 1.2237, 'calibrated_ece': 0.02, 'adaptive_threshold': 0.75}","{'is_subjective': False, 'rationale': 'Sorgu nesnel bir bilgi yapısı içermektedir.'}"
2026-07-30 22:27:20,PASSED,NONE,capital of France,Paris,Paris,"{'reliability_score': 1.0, 'confidence_prob': 1.0, 'semantic_entropy': 0.0001, 'calibrated_ece': 0.02, 'adaptive_threshold': 0.75}","{'is_subjective': False, 'rationale': 'Sorgu nesnel bir bilgi yapısı içermektedir.'}"
2026-07-30 22:27:21,PASSED,NONE,capital of Germany,Berlin,Berlin,"{'reliability_score': 1.0, 'confidence_prob': 1.0, 'semantic_entropy': 0.0, 'calibrated_ece': 0.02, 'adaptive_threshold': 0.75}","{'is_subjective': False, 'rationale': 'Sorgu nesnel bir bilgi yapısı içermektedir.'}"
2026-07-30 22:27:21,PASSED,NONE,capital of India,New Delhi,New Delhi,"{'reliability_score': 1.0, 'confidence_prob': 0.8543, 'semantic_entropy': 0.4153, 'calibrated_ece': 0.02, 'adaptive_threshold': 0.75}","{'is_subjective': False, 'rationale': 'Sorgu nesnel bir bilgi yapısı içermektedir.'}"
2026-07-30 22:27:22,PASSED,NONE,best movie in world,SUBJECTIVE_REFUSAL,The Best Movie,"{'reliability_score': 1.0, 'confidence_prob': 0.898, 'semantic_entropy': 0.7693, 'calibrated_ece': 0.02, 'adaptive_threshold': 0.45}","{'is_subjective': True, 'rationale': 'Sözcüksel/Sentaks Analizi (`POS=JJS` veya Göreceli Sıfat) öznel bir değerlendirme tespit etti.'}"
2026-07-30 22:27:23,PASSED,NONE,most beautiful city in europe,SUBJECTIVE_REFUSAL,Barcelona,"{'reliability_score': 0.794, 'confidence_prob': 0.6979, 'semantic_entropy': 0.9949, 'calibrated_ece': 0.02, 'adaptive_threshold': 0.75}","{'is_subjective': True, 'rationale': 'Sözcüksel/Sentaks Analizi (`POS=JJS` veya Göreceli Sıfat) öznel bir değerlendirme tespit etti.'}"
2026-07-30 22:27:24,PASSED,NONE,funniest comedian,SUBJECTIVE_REFUSAL,Charlie,"{'reliability_score': 1.0, 'confidence_prob': 0.9371, 'semantic_entropy': 0.3276, 'calibrated_ece': 0.02, 'adaptive_threshold': 0.75}","{'is_subjective': True, 'rationale': 'Sözcüksel/Sentaks Analizi (`POS=JJS` veya Göreceli Sıfat) öznel bir değerlendirme tespit etti.'}"
2026-07-30 22:27:25,PASSED,NONE,capital of Atlantis,LOW_CONFIDENCE_REFUSAL,Delos,"{'reliability_score': 0.6156, 'confidence_prob': 0.5859, 'semantic_entropy': 1.2237, 'calibrated_ece': 0.02, 'adaptive_threshold': 0.75}","{'is_subjective': False, 'rationale': 'Sorgu nesnel bir bilgi yapısı içermektedir.'}"
2026-07-30 22:27:26,PASSED,NONE,capital of France,Paris,Paris,"{'reliability_score': 1.0, 'confidence_prob': 1.0, 'semantic_entropy': 0.0001, 'calibrated_ece': 0.02, 'adaptive_threshold': 0.75}","{'is_subjective': False, 'rationale': 'Sorgu nesnel bir bilgi yapısı içermektedir.'}"
2026-07-30 22:27:26,PASSED,NONE,capital of Germany,Berlin,Berlin,"{'reliability_score': 1.0, 'confidence_prob': 1.0, 'semantic_entropy': 0.0, 'calibrated_ece': 0.02, 'adaptive_threshold': 0.75}","{'is_subjective': False, 'rationale': 'Sorgu nesnel bir bilgi yapısı içermektedir.'}"
2026-07-30 22:27:27,PASSED,NONE,capital of India,New Delhi,New Delhi,"{'reliability_score': 1.0, 'confidence_prob': 0.8543, 'semantic_entropy': 0.4153, 'calibrated_ece': 0.02, 'adaptive_threshold': 0.75}","{'is_subjective': False, 'rationale': 'Sorgu nesnel bir bilgi yapısı içermektedir.'}"
2026-07-30 22:27:28,PASSED,NONE,best movie in world,SUBJECTIVE_REFUSAL,The Best Movie,"{'reliability_score': 1.0, 'confidence_prob': 0.898, 'semantic_entropy': 0.7693, 'calibrated_ece': 0.02, 'adaptive_threshold': 0.45}","{'is_subjective': True, 'rationale': 'Sözcüksel/Sentaks Analizi (`POS=JJS` veya Göreceli Sıfat) öznel bir değerlendirme tespit etti.'}"
2026-07-30 22:27:29,PASSED,NONE,most beautiful city in europe,SUBJECTIVE_REFUSAL,Barcelona,"{'reliability_score': 0.794, 'confidence_prob': 0.6979, 'semantic_entropy': 0.9949, 'calibrated_ece': 0.02, 'adaptive_threshold': 0.75}","{'is_subjective': True, 'rationale': 'Sözcüksel/Sentaks Analizi (`POS=JJS` veya Göreceli Sıfat) öznel bir değerlendirme tespit etti.'}"
2026-07-30 22:27:30,PASSED,NONE,funniest comedian,SUBJECTIVE_REFUSAL,Charlie,"{'reliability_score': 1.0, 'confidence_prob': 0.9371, 'semantic_entropy': 0.3276, 'calibrated_ece': 0.02, 'adaptive_threshold': 0.75}","{'is_subjective': True, 'rationale': 'Sözcüksel/Sentaks Analizi (`POS=JJS` veya Göreceli Sıfat) öznel bir değerlendirme tespit etti.'}"
2026-07-30 22:27:31,PASSED,NONE,capital of Atlantis,LOW_CONFIDENCE_REFUSAL,Delos,"{'reliability_score': 0.6156, 'confidence_prob': 0.5859, 'semantic_entropy': 1.2237, 'calibrated_ece': 0.02, 'adaptive_threshold': 0.75}","{'is_subjective': False, 'rationale': 'Sorgu nesnel bir bilgi yapısı içermektedir.'}"
2026-07-30 22:27:31,PASSED,NONE,capital of France,Paris,Paris,"{'reliability_score': 1.0, 'confidence_prob': 1.0, 'semantic_entropy': 0.0001, 'calibrated_ece': 0.02, 'adaptive_threshold': 0.75}","{'is_subjective': False, 'rationale': 'Sorgu nesnel bir bilgi yapısı içermektedir.'}"
2026-07-30 22:27:32,PASSED,NONE,capital of Germany,Berlin,Berlin,"{'reliability_score': 1.0, 'confidence_prob': 1.0, 'semantic_entropy': 0.0, 'calibrated_ece': 0.02, 'adaptive_threshold': 0.75}","{'is_subjective': False, 'rationale': 'Sorgu nesnel bir bilgi yapısı içermektedir.'}"
2026-07-30 22:27:33,PASSED,NONE,capital of India,New Delhi,New Delhi,"{'reliability_score': 1.0, 'confidence_prob': 0.8543, 'semantic_entropy': 0.4153, 'calibrated_ece': 0.02, 'adaptive_threshold': 0.75}","{'is_subjective': False, 'rationale': 'Sorgu nesnel bir bilgi yapısı içermektedir.'}"
2026-07-30 22:27:34,PASSED,NONE,best movie in world,SUBJECTIVE_REFUSAL,The Best Movie,"{'reliability_score': 1.0, 'confidence_prob': 0.898, 'semantic_entropy': 0.7693, 'calibrated_ece': 0.02, 'adaptive_threshold': 0.45}","{'is_subjective': True, 'rationale': 'Sözcüksel/Sentaks Analizi (`POS=JJS` veya Göreceli Sıfat) öznel bir değerlendirme tespit etti.'}"
2026-07-30 22:27:35,PASSED,NONE,most beautiful city in europe,SUBJECTIVE_REFUSAL,Barcelona,"{'reliability_score': 0.794, 'confidence_prob': 0.6979, 'semantic_entropy': 0.9949, 'calibrated_ece': 0.02, 'adaptive_threshold': 0.75}","{'is_subjective': True, 'rationale': 'Sözcüksel/Sentaks Analizi (`POS=JJS` veya Göreceli Sıfat) öznel bir değerlendirme tespit etti.'}"
2026-07-30 22:27:36,PASSED,NONE,funniest comedian,SUBJECTIVE_REFUSAL,Charlie,"{'reliability_score': 1.0, 'confidence_prob': 0.9371, 'semantic_entropy': 0.3276, 'calibrated_ece': 0.02, 'adaptive_threshold': 0.75}","{'is_subjective': True, 'rationale': 'Sözcüksel/Sentaks Analizi (`POS=JJS` veya Göreceli Sıfat) öznel bir değerlendirme tespit etti.'}"
2026-07-30 22:27:36,PASSED,NONE,capital of Atlantis,LOW_CONFIDENCE_REFUSAL,Delos,"{'reliability_score': 0.6156, 'confidence_prob': 0.5859, 'semantic_entropy': 1.2237, 'calibrated_ece': 0.02, 'adaptive_threshold': 0.75}","{'is_subjective': False, 'rationale': 'Sorgu nesnel bir bilgi yapısı içermektedir.'}"
2026-07-30 22:27:37,PASSED,NONE,capital of France,Paris,Paris,"{'reliability_score': 1.0, 'confidence_prob': 1.0, 'semantic_entropy': 0.0001, 'calibrated_ece': 0.02, 'adaptive_threshold': 0.75}","{'is_subjective': False, 'rationale': 'Sorgu nesnel bir bilgi yapısı içermektedir.'}"
2026-07-30 22:27:38,PASSED,NONE,capital of Germany,Berlin,Berlin,"{'reliability_score': 1.0, 'confidence_prob': 1.0, 'semantic_entropy': 0.0, 'calibrated_ece': 0.02, 'adaptive_threshold': 0.75}","{'is_subjective': False, 'rationale': 'Sorgu nesnel bir bilgi yapısı içermektedir.'}"
2026-07-30 22:27:38,PASSED,NONE,capital of India,New Delhi,New Delhi,"{'reliability_score': 1.0, 'confidence_prob': 0.8543, 'semantic_entropy': 0.4153, 'calibrated_ece': 0.02, 'adaptive_threshold': 0.75}","{'is_subjective': False, 'rationale': 'Sorgu nesnel bir bilgi yapısı içermektedir.'}"
2026-07-30 22:27:39,PASSED,NONE,best movie in world,SUBJECTIVE_REFUSAL,The Best Movie,"{'reliability_score': 1.0, 'confidence_prob': 0.898, 'semantic_entropy': 0.7693, 'calibrated_ece': 0.02, 'adaptive_threshold': 0.45}","{'is_subjective': True, 'rationale': 'Sözcüksel/Sentaks Analizi (`POS=JJS` veya Göreceli Sıfat) öznel bir değerlendirme tespit etti.'}"
2026-07-30 22:27:40,PASSED,NONE,most beautiful city in europe,SUBJECTIVE_REFUSAL,Barcelona,"{'reliability_score': 0.794, 'confidence_prob': 0.6979, 'semantic_entropy': 0.9949, 'calibrated_ece': 0.02, 'adaptive_threshold': 0.75}","{'is_subjective': True, 'rationale': 'Sözcüksel/Sentaks Analizi (`POS=JJS` veya Göreceli Sıfat) öznel bir değerlendirme tespit etti.'}"
2026-07-30 22:27:41,PASSED,NONE,funniest comedian,SUBJECTIVE_REFUSAL,Charlie,"{'reliability_score': 1.0, 'confidence_prob': 0.9371, 'semantic_entropy': 0.3276, 'calibrated_ece': 0.02, 'adaptive_threshold': 0.75}","{'is_subjective': True, 'rationale': 'Sözcüksel/Sentaks Analizi (`POS=JJS` veya Göreceli Sıfat) öznel bir değerlendirme tespit etti.'}"
2026-07-30 22:27:42,PASSED,NONE,capital of Atlantis,LOW_CONFIDENCE_REFUSAL,Delos,"{'reliability_score': 0.6156, 'confidence_prob': 0.5859, 'semantic_entropy': 1.2237, 'calibrated_ece': 0.02, 'adaptive_threshold': 0.75}","{'is_subjective': False, 'rationale': 'Sorgu nesnel bir bilgi yapısı içermektedir.'}"
2026-07-30 22:27:43,PASSED,NONE,capital of France,Paris,Paris,"{'reliability_score': 1.0, 'confidence_prob': 1.0, 'semantic_entropy': 0.0001, 'calibrated_ece': 0.02, 'adaptive_threshold': 0.75}","{'is_subjective': False, 'rationale': 'Sorgu nesnel bir bilgi yapısı içermektedir.'}"
2026-07-30 22:27:43,PASSED,NONE,capital of Germany,Berlin,Berlin,"{'reliability_score': 1.0, 'confidence_prob': 1.0, 'semantic_entropy': 0.0, 'calibrated_ece': 0.02, 'adaptive_threshold': 0.75}","{'is_subjective': False, 'rationale': 'Sorgu nesnel bir bilgi yapısı içermektedir.'}"
2026-07-30 22:27:44,PASSED,NONE,capital of India,New Delhi,New Delhi,"{'reliability_score': 1.0, 'confidence_prob': 0.8543, 'semantic_entropy': 0.4153, 'calibrated_ece': 0.02, 'adaptive_threshold': 0.75}","{'is_subjective': False, 'rationale': 'Sorgu nesnel bir bilgi yapısı içermektedir.'}"
2026-07-30 22:27:45,PASSED,NONE,best movie in world,SUBJECTIVE_REFUSAL,The Best Movie,"{'reliability_score': 1.0, 'confidence_prob': 0.898, 'semantic_entropy': 0.7693, 'calibrated_ece': 0.02, 'adaptive_threshold': 0.45}","{'is_subjective': True, 'rationale': 'Sözcüksel/Sentaks Analizi (`POS=JJS` veya Göreceli Sıfat) öznel bir değerlendirme tespit etti.'}"
2026-07-30 22:27:46,PASSED,NONE,most beautiful city in europe,SUBJECTIVE_REFUSAL,Barcelona,"{'reliability_score': 0.794, 'confidence_prob': 0.6979, 'semantic_entropy': 0.9949, 'calibrated_ece': 0.02, 'adaptive_threshold': 0.75}","{'is_subjective': True, 'rationale': 'Sözcüksel/Sentaks Analizi (`POS=JJS` veya Göreceli Sıfat) öznel bir değerlendirme tespit etti.'}"
2026-07-30 22:27:47,PASSED,NONE,funniest comedian,SUBJECTIVE_REFUSAL,Charlie,"{'reliability_score': 1.0, 'confidence_prob': 0.9371, 'semantic_entropy': 0.3276, 'calibrated_ece': 0.02, 'adaptive_threshold': 0.75}","{'is_subjective': True, 'rationale': 'Sözcüksel/Sentaks Analizi (`POS=JJS` veya Göreceli Sıfat) öznel bir değerlendirme tespit etti.'}"
2026-07-30 22:27:48,PASSED,NONE,capital of Atlantis,LOW_CONFIDENCE_REFUSAL,Delos,"{'reliability_score': 0.6156, 'confidence_prob': 0.5859, 'semantic_entropy': 1.2237, 'calibrated_ece': 0.02, 'adaptive_threshold': 0.75}","{'is_subjective': False, 'rationale': 'Sorgu nesnel bir bilgi yapısı içermektedir.'}"
2026-07-30 22:27:48,PASSED,NONE,capital of France,Paris,Paris,"{'reliability_score': 1.0, 'confidence_prob': 1.0, 'semantic_entropy': 0.0001, 'calibrated_ece': 0.02, 'adaptive_threshold': 0.75}","{'is_subjective': False, 'rationale': 'Sorgu nesnel bir bilgi yapısı içermektedir.'}"
2026-07-30 22:27:49,PASSED,NONE,capital of Germany,Berlin,Berlin,"{'reliability_score': 1.0, 'confidence_prob': 1.0, 'semantic_entropy': 0.0, 'calibrated_ece': 0.02, 'adaptive_threshold': 0.75}","{'is_subjective': False, 'rationale': 'Sorgu nesnel bir bilgi yapısı içermektedir.'}"
2026-07-30 22:27:50,PASSED,NONE,capital of India,New Delhi,New Delhi,"{'reliability_score': 1.0, 'confidence_prob': 0.8543, 'semantic_entropy': 0.4153, 'calibrated_ece': 0.02, 'adaptive_threshold': 0.75}","{'is_subjective': False, 'rationale': 'Sorgu nesnel bir bilgi yapısı içermektedir.'}"
2026-07-30 22:27:51,PASSED,NONE,best movie in world,SUBJECTIVE_REFUSAL,The Best Movie,"{'reliability_score': 1.0, 'confidence_prob': 0.898, 'semantic_entropy': 0.7693, 'calibrated_ece': 0.02, 'adaptive_threshold': 0.45}","{'is_subjective': True, 'rationale': 'Sözcüksel/Sentaks Analizi (`POS=JJS` veya Göreceli Sıfat) öznel bir değerlendirme tespit etti.'}"
2026-07-30 22:27:51,PASSED,NONE,most beautiful city in europe,SUBJECTIVE_REFUSAL,Barcelona,"{'reliability_score': 0.794, 'confidence_prob': 0.6979, 'semantic_entropy': 0.9949, 'calibrated_ece': 0.02, 'adaptive_threshold': 0.75}","{'is_subjective': True, 'rationale': 'Sözcüksel/Sentaks Analizi (`POS=JJS` veya Göreceli Sıfat) öznel bir değerlendirme tespit etti.'}"
2026-07-30 22:27:53,PASSED,NONE,funniest comedian,SUBJECTIVE_REFUSAL,Charlie,"{'reliability_score': 1.0, 'confidence_prob': 0.9371, 'semantic_entropy': 0.3276, 'calibrated_ece': 0.02, 'adaptive_threshold': 0.75}","{'is_subjective': True, 'rationale': 'Sözcüksel/Sentaks Analizi (`POS=JJS` veya Göreceli Sıfat) öznel bir değerlendirme tespit etti.'}"
2026-07-30 22:27:53,PASSED,NONE,capital of Atlantis,LOW_CONFIDENCE_REFUSAL,Delos,"{'reliability_score': 0.6156, 'confidence_prob': 0.5859, 'semantic_entropy': 1.2237, 'calibrated_ece': 0.02, 'adaptive_threshold': 0.75}","{'is_subjective': False, 'rationale': 'Sorgu nesnel bir bilgi yapısı içermektedir.'}"
2026-07-30 22:27:54,PASSED,NONE,capital of France,Paris,Paris,"{'reliability_score': 1.0, 'confidence_prob': 1.0, 'semantic_entropy': 0.0001, 'calibrated_ece': 0.02, 'adaptive_threshold': 0.75}","{'is_subjective': False, 'rationale': 'Sorgu nesnel bir bilgi yapısı içermektedir.'}"
2026-07-30 22:27:55,PASSED,NONE,capital of Germany,Berlin,Berlin,"{'reliability_score': 1.0, 'confidence_prob': 1.0, 'semantic_entropy': 0.0, 'calibrated_ece': 0.02, 'adaptive_threshold': 0.75}","{'is_subjective': False, 'rationale': 'Sorgu nesnel bir bilgi yapısı içermektedir.'}"
2026-07-30 22:27:55,PASSED,NONE,capital of India,New Delhi,New Delhi,"{'reliability_score': 1.0, 'confidence_prob': 0.8543, 'semantic_entropy': 0.4153, 'calibrated_ece': 0.02, 'adaptive_threshold': 0.75}","{'is_subjective': False, 'rationale': 'Sorgu nesnel bir bilgi yapısı içermektedir.'}"
2026-07-30 22:27:56,PASSED,NONE,best movie in world,SUBJECTIVE_REFUSAL,The Best Movie,"{'reliability_score': 1.0, 'confidence_prob': 0.898, 'semantic_entropy': 0.7693, 'calibrated_ece': 0.02, 'adaptive_threshold': 0.45}","{'is_subjective': True, 'rationale': 'Sözcüksel/Sentaks Analizi (`POS=JJS` veya Göreceli Sıfat) öznel bir değerlendirme tespit etti.'}"
2026-07-30 22:27:57,PASSED,NONE,most beautiful city in europe,SUBJECTIVE_REFUSAL,Barcelona,"{'reliability_score': 0.794, 'confidence_prob': 0.6979, 'semantic_entropy': 0.9949, 'calibrated_ece': 0.02, 'adaptive_threshold': 0.75}","{'is_subjective': True, 'rationale': 'Sözcüksel/Sentaks Analizi (`POS=JJS` veya Göreceli Sıfat) öznel bir değerlendirme tespit etti.'}"
2026-07-30 22:27:58,PASSED,NONE,funniest comedian,SUBJECTIVE_REFUSAL,Charlie,"{'reliability_score': 1.0, 'confidence_prob': 0.9371, 'semantic_entropy': 0.3276, 'calibrated_ece': 0.02, 'adaptive_threshold': 0.75}","{'is_subjective': True, 'rationale': 'Sözcüksel/Sentaks Analizi (`POS=JJS` veya Göreceli Sıfat) öznel bir değerlendirme tespit etti.'}"
2026-07-30 22:27:59,PASSED,NONE,capital of Atlantis,LOW_CONFIDENCE_REFUSAL,Delos,"{'reliability_score': 0.6156, 'confidence_prob': 0.5859, 'semantic_entropy': 1.2237, 'calibrated_ece': 0.02, 'adaptive_threshold': 0.75}","{'is_subjective': False, 'rationale': 'Sorgu nesnel bir bilgi yapısı içermektedir.'}"
2026-07-30 22:28:00,PASSED,NONE,capital of France,Paris,Paris,"{'reliability_score': 1.0, 'confidence_prob': 1.0, 'semantic_entropy': 0.0001, 'calibrated_ece': 0.02, 'adaptive_threshold': 0.75}","{'is_subjective': False, 'rationale': 'Sorgu nesnel bir bilgi yapısı içermektedir.'}"
2026-07-30 22:28:00,PASSED,NONE,capital of Germany,Berlin,Berlin,"{'reliability_score': 1.0, 'confidence_prob': 1.0, 'semantic_entropy': 0.0, 'calibrated_ece': 0.02, 'adaptive_threshold': 0.75}","{'is_subjective': False, 'rationale': 'Sorgu nesnel bir bilgi yapısı içermektedir.'}"
2026-07-30 22:28:01,PASSED,NONE,capital of India,New Delhi,New Delhi,"{'reliability_score': 1.0, 'confidence_prob': 0.8543, 'semantic_entropy': 0.4153, 'calibrated_ece': 0.02, 'adaptive_threshold': 0.75}","{'is_subjective': False, 'rationale': 'Sorgu nesnel bir bilgi yapısı içermektedir.'}"
2026-07-30 22:28:02,PASSED,NONE,best movie in world,SUBJECTIVE_REFUSAL,The Best Movie,"{'reliability_score': 1.0, 'confidence_prob': 0.898, 'semantic_entropy': 0.7693, 'calibrated_ece': 0.02, 'adaptive_threshold': 0.45}","{'is_subjective': True, 'rationale': 'Sözcüksel/Sentaks Analizi (`POS=JJS` veya Göreceli Sıfat) öznel bir değerlendirme tespit etti.'}"
2026-07-30 22:28:03,PASSED,NONE,most beautiful city in europe,SUBJECTIVE_REFUSAL,Barcelona,"{'reliability_score': 0.794, 'confidence_prob': 0.6979, 'semantic_entropy': 0.9949, 'calibrated_ece': 0.02, 'adaptive_threshold': 0.75}","{'is_subjective': True, 'rationale': 'Sözcüksel/Sentaks Analizi (`POS=JJS` veya Göreceli Sıfat) öznel bir değerlendirme tespit etti.'}"
2026-07-30 22:28:04,PASSED,NONE,funniest comedian,SUBJECTIVE_REFUSAL,Charlie,"{'reliability_score': 1.0, 'confidence_prob': 0.9371, 'semantic_entropy': 0.3276, 'calibrated_ece': 0.02, 'adaptive_threshold': 0.75}","{'is_subjective': True, 'rationale': 'Sözcüksel/Sentaks Analizi (`POS=JJS` veya Göreceli Sıfat) öznel bir değerlendirme tespit etti.'}"
2026-07-30 22:28:05,PASSED,NONE,capital of Atlantis,LOW_CONFIDENCE_REFUSAL,Delos,"{'reliability_score': 0.6156, 'confidence_prob': 0.5859, 'semantic_entropy': 1.2237, 'calibrated_ece': 0.02, 'adaptive_threshold': 0.75}","{'is_subjective': False, 'rationale': 'Sorgu nesnel bir bilgi yapısı içermektedir.'}"
2026-07-30 22:28:05,PASSED,NONE,capital of France,Paris,Paris,"{'reliability_score': 1.0, 'confidence_prob': 1.0, 'semantic_entropy': 0.0001, 'calibrated_ece': 0.02, 'adaptive_threshold': 0.75}","{'is_subjective': False, 'rationale': 'Sorgu nesnel bir bilgi yapısı içermektedir.'}"
2026-07-30 22:28:06,PASSED,NONE,capital of Germany,Berlin,Berlin,"{'reliability_score': 1.0, 'confidence_prob': 1.0, 'semantic_entropy': 0.0, 'calibrated_ece': 0.02, 'adaptive_threshold': 0.75}","{'is_subjective': False, 'rationale': 'Sorgu nesnel bir bilgi yapısı içermektedir.'}"
2026-07-30 22:28:07,PASSED,NONE,capital of India,New Delhi,New Delhi,"{'reliability_score': 1.0, 'confidence_prob': 0.8543, 'semantic_entropy': 0.4153, 'calibrated_ece': 0.02, 'adaptive_threshold': 0.75}","{'is_subjective': False, 'rationale': 'Sorgu nesnel bir bilgi yapısı içermektedir.'}"
2026-07-30 22:28:08,PASSED,NONE,best movie in world,SUBJECTIVE_REFUSAL,The Best Movie,"{'reliability_score': 1.0, 'confidence_prob': 0.898, 'semantic_entropy': 0.7693, 'calibrated_ece': 0.02, 'adaptive_threshold': 0.45}","{'is_subjective': True, 'rationale': 'Sözcüksel/Sentaks Analizi (`POS=JJS` veya Göreceli Sıfat) öznel bir değerlendirme tespit etti.'}"
2026-07-30 22:28:08,PASSED,NONE,most beautiful city in europe,SUBJECTIVE_REFUSAL,Barcelona,"{'reliability_score': 0.794, 'confidence_prob': 0.6979, 'semantic_entropy': 0.9949, 'calibrated_ece': 0.02, 'adaptive_threshold': 0.75}","{'is_subjective': True, 'rationale': 'Sözcüksel/Sentaks Analizi (`POS=JJS` veya Göreceli Sıfat) öznel bir değerlendirme tespit etti.'}"
2026-07-30 22:28:10,PASSED,NONE,funniest comedian,SUBJECTIVE_REFUSAL,Charlie,"{'reliability_score': 1.0, 'confidence_prob': 0.9371, 'semantic_entropy': 0.3276, 'calibrated_ece': 0.02, 'adaptive_threshold': 0.75}","{'is_subjective': True, 'rationale': 'Sözcüksel/Sentaks Analizi (`POS=JJS` veya Göreceli Sıfat) öznel bir değerlendirme tespit etti.'}"
2026-07-30 22:28:10,PASSED,NONE,capital of Atlantis,LOW_CONFIDENCE_REFUSAL,Delos,"{'reliability_score': 0.6156, 'confidence_prob': 0.5859, 'semantic_entropy': 1.2237, 'calibrated_ece': 0.02, 'adaptive_threshold': 0.75}","{'is_subjective': False, 'rationale': 'Sorgu nesnel bir bilgi yapısı içermektedir.'}"
2026-07-30 22:28:11,PASSED,NONE,capital of France,Paris,Paris,"{'reliability_score': 1.0, 'confidence_prob': 1.0, 'semantic_entropy': 0.0001, 'calibrated_ece': 0.02, 'adaptive_threshold': 0.75}","{'is_subjective': False, 'rationale': 'Sorgu nesnel bir bilgi yapısı içermektedir.'}"
2026-07-30 22:28:12,PASSED,NONE,capital of Germany,Berlin,Berlin,"{'reliability_score': 1.0, 'confidence_prob': 1.0, 'semantic_entropy': 0.0, 'calibrated_ece': 0.02, 'adaptive_threshold': 0.75}","{'is_subjective': False, 'rationale': 'Sorgu nesnel bir bilgi yapısı içermektedir.'}"
2026-07-30 22:28:12,PASSED,NONE,capital of India,New Delhi,New Delhi,"{'reliability_score': 1.0, 'confidence_prob': 0.8543, 'semantic_entropy': 0.4153, 'calibrated_ece': 0.02, 'adaptive_threshold': 0.75}","{'is_subjective': False, 'rationale': 'Sorgu nesnel bir bilgi yapısı içermektedir.'}"
2026-07-30 22:28:13,PASSED,NONE,best movie in world,SUBJECTIVE_REFUSAL,The Best Movie,"{'reliability_score': 1.0, 'confidence_prob': 0.898, 'semantic_entropy': 0.7693, 'calibrated_ece': 0.02, 'adaptive_threshold': 0.45}","{'is_subjective': True, 'rationale': 'Sözcüksel/Sentaks Analizi (`POS=JJS` veya Göreceli Sıfat) öznel bir değerlendirme tespit etti.'}"
2026-07-30 22:28:14,PASSED,NONE,most beautiful city in europe,SUBJECTIVE_REFUSAL,Barcelona,"{'reliability_score': 0.794, 'confidence_prob': 0.6979, 'semantic_entropy': 0.9949, 'calibrated_ece': 0.02, 'adaptive_threshold': 0.75}","{'is_subjective': True, 'rationale': 'Sözcüksel/Sentaks Analizi (`POS=JJS` veya Göreceli Sıfat) öznel bir değerlendirme tespit etti.'}"
2026-07-30 22:28:15,PASSED,NONE,funniest comedian,SUBJECTIVE_REFUSAL,Charlie,"{'reliability_score': 1.0, 'confidence_prob': 0.9371, 'semantic_entropy': 0.3276, 'calibrated_ece': 0.02, 'adaptive_threshold': 0.75}","{'is_subjective': True, 'rationale': 'Sözcüksel/Sentaks Analizi (`POS=JJS` veya Göreceli Sıfat) öznel bir değerlendirme tespit etti.'}"
2026-07-30 22:28:16,PASSED,NONE,capital of Atlantis,LOW_CONFIDENCE_REFUSAL,Delos,"{'reliability_score': 0.6156, 'confidence_prob': 0.5859, 'semantic_entropy': 1.2237, 'calibrated_ece': 0.02, 'adaptive_threshold': 0.75}","{'is_subjective': False, 'rationale': 'Sorgu nesnel bir bilgi yapısı içermektedir.'}"
2026-07-30 22:28:17,PASSED,NONE,capital of France,Paris,Paris,"{'reliability_score': 1.0, 'confidence_prob': 1.0, 'semantic_entropy': 0.0001, 'calibrated_ece': 0.02, 'adaptive_threshold': 0.75}","{'is_subjective': False, 'rationale': 'Sorgu nesnel bir bilgi yapısı içermektedir.'}"
2026-07-30 22:28:18,PASSED,NONE,capital of Germany,Berlin,Berlin,"{'reliability_score': 1.0, 'confidence_prob': 1.0, 'semantic_entropy': 0.0, 'calibrated_ece': 0.02, 'adaptive_threshold': 0.75}","{'is_subjective': False, 'rationale': 'Sorgu nesnel bir bilgi yapısı içermektedir.'}"
2026-07-30 22:28:18,PASSED,NONE,capital of India,New Delhi,New Delhi,"{'reliability_score': 1.0, 'confidence_prob': 0.8543, 'semantic_entropy': 0.4153, 'calibrated_ece': 0.02, 'adaptive_threshold': 0.75}","{'is_subjective': False, 'rationale': 'Sorgu nesnel bir bilgi yapısı içermektedir.'}"
2026-07-30 22:28:19,PASSED,NONE,best movie in world,SUBJECTIVE_REFUSAL,The Best Movie,"{'reliability_score': 1.0, 'confidence_prob': 0.898, 'semantic_entropy': 0.7693, 'calibrated_ece': 0.02, 'adaptive_threshold': 0.45}","{'is_subjective': True, 'rationale': 'Sözcüksel/Sentaks Analizi (`POS=JJS` veya Göreceli Sıfat) öznel bir değerlendirme tespit etti.'}"
2026-07-30 22:28:20,PASSED,NONE,most beautiful city in europe,SUBJECTIVE_REFUSAL,Barcelona,"{'reliability_score': 0.794, 'confidence_prob': 0.6979, 'semantic_entropy': 0.9949, 'calibrated_ece': 0.02, 'adaptive_threshold': 0.75}","{'is_subjective': True, 'rationale': 'Sözcüksel/Sentaks Analizi (`POS=JJS` veya Göreceli Sıfat) öznel bir değerlendirme tespit etti.'}"
2026-07-30 22:28:21,PASSED,NONE,funniest comedian,SUBJECTIVE_REFUSAL,Charlie,"{'reliability_score': 1.0, 'confidence_prob': 0.9371, 'semantic_entropy': 0.3276, 'calibrated_ece': 0.02, 'adaptive_threshold': 0.75}","{'is_subjective': True, 'rationale': 'Sözcüksel/Sentaks Analizi (`POS=JJS` veya Göreceli Sıfat) öznel bir değerlendirme tespit etti.'}"
2026-07-30 22:28:22,PASSED,NONE,capital of Atlantis,LOW_CONFIDENCE_REFUSAL,Delos,"{'reliability_score': 0.6156, 'confidence_prob': 0.5859, 'semantic_entropy': 1.2237, 'calibrated_ece': 0.02, 'adaptive_threshold': 0.75}","{'is_subjective': False, 'rationale': 'Sorgu nesnel bir bilgi yapısı içermektedir.'}"
2026-07-30 22:28:23,PASSED,NONE,capital of France,Paris,Paris,"{'reliability_score': 1.0, 'confidence_prob': 1.0, 'semantic_entropy': 0.0001, 'calibrated_ece': 0.02, 'adaptive_threshold': 0.75}","{'is_subjective': False, 'rationale': 'Sorgu nesnel bir bilgi yapısı içermektedir.'}"
2026-07-30 22:28:23,PASSED,NONE,capital of Germany,Berlin,Berlin,"{'reliability_score': 1.0, 'confidence_prob': 1.0, 'semantic_entropy': 0.0, 'calibrated_ece': 0.02, 'adaptive_threshold': 0.75}","{'is_subjective': False, 'rationale': 'Sorgu nesnel bir bilgi yapısı içermektedir.'}"
2026-07-30 22:28:24,PASSED,NONE,capital of India,New Delhi,New Delhi,"{'reliability_score': 1.0, 'confidence_prob': 0.8543, 'semantic_entropy': 0.4153, 'calibrated_ece': 0.02, 'adaptive_threshold': 0.75}","{'is_subjective': False, 'rationale': 'Sorgu nesnel bir bilgi yapısı içermektedir.'}"
2026-07-30 22:28:25,PASSED,NONE,best movie in world,SUBJECTIVE_REFUSAL,The Best Movie,"{'reliability_score': 1.0, 'confidence_prob': 0.898, 'semantic_entropy': 0.7693, 'calibrated_ece': 0.02, 'adaptive_threshold': 0.45}","{'is_subjective': True, 'rationale': 'Sözcüksel/Sentaks Analizi (`POS=JJS` veya Göreceli Sıfat) öznel bir değerlendirme tespit etti.'}"
2026-07-30 22:28:26,PASSED,NONE,most beautiful city in europe,SUBJECTIVE_REFUSAL,Barcelona,"{'reliability_score': 0.794, 'confidence_prob': 0.6979, 'semantic_entropy': 0.9949, 'calibrated_ece': 0.02, 'adaptive_threshold': 0.75}","{'is_subjective': True, 'rationale': 'Sözcüksel/Sentaks Analizi (`POS=JJS` veya Göreceli Sıfat) öznel bir değerlendirme tespit etti.'}"
2026-07-30 22:28:27,PASSED,NONE,funniest comedian,SUBJECTIVE_REFUSAL,Charlie,"{'reliability_score': 1.0, 'confidence_prob': 0.9371, 'semantic_entropy': 0.3276, 'calibrated_ece': 0.02, 'adaptive_threshold': 0.75}","{'is_subjective': True, 'rationale': 'Sözcüksel/Sentaks Analizi (`POS=JJS` veya Göreceli Sıfat) öznel bir değerlendirme tespit etti.'}"
2026-07-30 22:28:28,PASSED,NONE,capital of Atlantis,LOW_CONFIDENCE_REFUSAL,Delos,"{'reliability_score': 0.6156, 'confidence_prob': 0.5859, 'semantic_entropy': 1.2237, 'calibrated_ece': 0.02, 'adaptive_threshold': 0.75}","{'is_subjective': False, 'rationale': 'Sorgu nesnel bir bilgi yapısı içermektedir.'}"
2026-07-30 22:28:28,PASSED,NONE,capital of France,Paris,Paris,"{'reliability_score': 1.0, 'confidence_prob': 1.0, 'semantic_entropy': 0.0001, 'calibrated_ece': 0.02, 'adaptive_threshold': 0.75}","{'is_subjective': False, 'rationale': 'Sorgu nesnel bir bilgi yapısı içermektedir.'}"
2026-07-30 22:28:29,PASSED,NONE,capital of Germany,Berlin,Berlin,"{'reliability_score': 1.0, 'confidence_prob': 1.0, 'semantic_entropy': 0.0, 'calibrated_ece': 0.02, 'adaptive_threshold': 0.75}","{'is_subjective': False, 'rationale': 'Sorgu nesnel bir bilgi yapısı içermektedir.'}"
2026-07-30 22:28:30,PASSED,NONE,capital of India,New Delhi,New Delhi,"{'reliability_score': 1.0, 'confidence_prob': 0.8543, 'semantic_entropy': 0.4153, 'calibrated_ece': 0.02, 'adaptive_threshold': 0.75}","{'is_subjective': False, 'rationale': 'Sorgu nesnel bir bilgi yapısı içermektedir.'}"
2026-07-30 22:28:31,PASSED,NONE,best movie in world,SUBJECTIVE_REFUSAL,The Best Movie,"{'reliability_score': 1.0, 'confidence_prob': 0.898, 'semantic_entropy': 0.7693, 'calibrated_ece': 0.02, 'adaptive_threshold': 0.45}","{'is_subjective': True, 'rationale': 'Sözcüksel/Sentaks Analizi (`POS=JJS` veya Göreceli Sıfat) öznel bir değerlendirme tespit etti.'}"
2026-07-30 22:28:32,PASSED,NONE,most beautiful city in europe,SUBJECTIVE_REFUSAL,Barcelona,"{'reliability_score': 0.794, 'confidence_prob': 0.6979, 'semantic_entropy': 0.9949, 'calibrated_ece': 0.02, 'adaptive_threshold': 0.75}","{'is_subjective': True, 'rationale': 'Sözcüksel/Sentaks Analizi (`POS=JJS` veya Göreceli Sıfat) öznel bir değerlendirme tespit etti.'}"
2026-07-30 22:28:33,PASSED,NONE,funniest comedian,SUBJECTIVE_REFUSAL,Charlie,"{'reliability_score': 1.0, 'confidence_prob': 0.9371, 'semantic_entropy': 0.3276, 'calibrated_ece': 0.02, 'adaptive_threshold': 0.75}","{'is_subjective': True, 'rationale': 'Sözcüksel/Sentaks Analizi (`POS=JJS` veya Göreceli Sıfat) öznel bir değerlendirme tespit etti.'}"
2026-07-30 22:28:33,PASSED,NONE,capital of Atlantis,LOW_CONFIDENCE_REFUSAL,Delos,"{'reliability_score': 0.6156, 'confidence_prob': 0.5859, 'semantic_entropy': 1.2237, 'calibrated_ece': 0.02, 'adaptive_threshold': 0.75}","{'is_subjective': False, 'rationale': 'Sorgu nesnel bir bilgi yapısı içermektedir.'}"
2026-07-30 22:28:34,PASSED,NONE,capital of France,Paris,Paris,"{'reliability_score': 1.0, 'confidence_prob': 1.0, 'semantic_entropy': 0.0001, 'calibrated_ece': 0.02, 'adaptive_threshold': 0.75}","{'is_subjective': False, 'rationale': 'Sorgu nesnel bir bilgi yapısı içermektedir.'}"
2026-07-30 22:28:35,PASSED,NONE,capital of Germany,Berlin,Berlin,"{'reliability_score': 1.0, 'confidence_prob': 1.0, 'semantic_entropy': 0.0, 'calibrated_ece': 0.02, 'adaptive_threshold': 0.75}","{'is_subjective': False, 'rationale': 'Sorgu nesnel bir bilgi yapısı içermektedir.'}"
2026-07-30 22:28:35,PASSED,NONE,capital of India,New Delhi,New Delhi,"{'reliability_score': 1.0, 'confidence_prob': 0.8543, 'semantic_entropy': 0.4153, 'calibrated_ece': 0.02, 'adaptive_threshold': 0.75}","{'is_subjective': False, 'rationale': 'Sorgu nesnel bir bilgi yapısı içermektedir.'}"
2026-07-30 22:28:36,PASSED,NONE,best movie in world,SUBJECTIVE_REFUSAL,The Best Movie,"{'reliability_score': 1.0, 'confidence_prob': 0.898, 'semantic_entropy': 0.7693, 'calibrated_ece': 0.02, 'adaptive_threshold': 0.45}","{'is_subjective': True, 'rationale': 'Sözcüksel/Sentaks Analizi (`POS=JJS` veya Göreceli Sıfat) öznel bir değerlendirme tespit etti.'}"
2026-07-30 22:28:37,PASSED,NONE,most beautiful city in europe,SUBJECTIVE_REFUSAL,Barcelona,"{'reliability_score': 0.794, 'confidence_prob': 0.6979, 'semantic_entropy': 0.9949, 'calibrated_ece': 0.02, 'adaptive_threshold': 0.75}","{'is_subjective': True, 'rationale': 'Sözcüksel/Sentaks Analizi (`POS=JJS` veya Göreceli Sıfat) öznel bir değerlendirme tespit etti.'}"
2026-07-30 22:28:38,PASSED,NONE,funniest comedian,SUBJECTIVE_REFUSAL,Charlie,"{'reliability_score': 1.0, 'confidence_prob': 0.9371, 'semantic_entropy': 0.3276, 'calibrated_ece': 0.02, 'adaptive_threshold': 0.75}","{'is_subjective': True, 'rationale': 'Sözcüksel/Sentaks Analizi (`POS=JJS` veya Göreceli Sıfat) öznel bir değerlendirme tespit etti.'}"
2026-07-30 22:28:39,PASSED,NONE,capital of Atlantis,LOW_CONFIDENCE_REFUSAL,Delos,"{'reliability_score': 0.6156, 'confidence_prob': 0.5859, 'semantic_entropy': 1.2237, 'calibrated_ece': 0.02, 'adaptive_threshold': 0.75}","{'is_subjective': False, 'rationale': 'Sorgu nesnel bir bilgi yapısı içermektedir.'}"
2026-07-30 22:28:40,PASSED,NONE,capital of France,Paris,Paris,"{'reliability_score': 1.0, 'confidence_prob': 1.0, 'semantic_entropy': 0.0001, 'calibrated_ece': 0.02, 'adaptive_threshold': 0.75}","{'is_subjective': False, 'rationale': 'Sorgu nesnel bir bilgi yapısı içermektedir.'}"
2026-07-30 22:28:40,PASSED,NONE,capital of Germany,Berlin,Berlin,"{'reliability_score': 1.0, 'confidence_prob': 1.0, 'semantic_entropy': 0.0, 'calibrated_ece': 0.02, 'adaptive_threshold': 0.75}","{'is_subjective': False, 'rationale': 'Sorgu nesnel bir bilgi yapısı içermektedir.'}"
2026-07-30 22:28:41,PASSED,NONE,capital of India,New Delhi,New Delhi,"{'reliability_score': 1.0, 'confidence_prob': 0.8543, 'semantic_entropy': 0.4153, 'calibrated_ece': 0.02, 'adaptive_threshold': 0.75}","{'is_subjective': False, 'rationale': 'Sorgu nesnel bir bilgi yapısı içermektedir.'}"
2026-07-30 22:28:42,PASSED,NONE,best movie in world,SUBJECTIVE_REFUSAL,The Best Movie,"{'reliability_score': 1.0, 'confidence_prob': 0.898, 'semantic_entropy': 0.7693, 'calibrated_ece': 0.02, 'adaptive_threshold': 0.45}","{'is_subjective': True, 'rationale': 'Sözcüksel/Sentaks Analizi (`POS=JJS` veya Göreceli Sıfat) öznel bir değerlendirme tespit etti.'}"
2026-07-30 22:28:43,PASSED,NONE,most beautiful city in europe,SUBJECTIVE_REFUSAL,Barcelona,"{'reliability_score': 0.794, 'confidence_prob': 0.6979, 'semantic_entropy': 0.9949, 'calibrated_ece': 0.02, 'adaptive_threshold': 0.75}","{'is_subjective': True, 'rationale': 'Sözcüksel/Sentaks Analizi (`POS=JJS` veya Göreceli Sıfat) öznel bir değerlendirme tespit etti.'}"
2026-07-30 22:28:44,PASSED,NONE,funniest comedian,SUBJECTIVE_REFUSAL,Charlie,"{'reliability_score': 1.0, 'confidence_prob': 0.9371, 'semantic_entropy': 0.3276, 'calibrated_ece': 0.02, 'adaptive_threshold': 0.75}","{'is_subjective': True, 'rationale': 'Sözcüksel/Sentaks Analizi (`POS=JJS` veya Göreceli Sıfat) öznel bir değerlendirme tespit etti.'}"
2026-07-30 22:28:45,PASSED,NONE,capital of Atlantis,LOW_CONFIDENCE_REFUSAL,Delos,"{'reliability_score': 0.6156, 'confidence_prob': 0.5859, 'semantic_entropy': 1.2237, 'calibrated_ece': 0.02, 'adaptive_threshold': 0.75}","{'is_subjective': False, 'rationale': 'Sorgu nesnel bir bilgi yapısı içermektedir.'}"
2026-07-30 22:28:45,PASSED,NONE,capital of France,Paris,Paris,"{'reliability_score': 1.0, 'confidence_prob': 1.0, 'semantic_entropy': 0.0001, 'calibrated_ece': 0.02, 'adaptive_threshold': 0.75}","{'is_subjective': False, 'rationale': 'Sorgu nesnel bir bilgi yapısı içermektedir.'}"
2026-07-30 22:28:46,PASSED,NONE,capital of Germany,Berlin,Berlin,"{'reliability_score': 1.0, 'confidence_prob': 1.0, 'semantic_entropy': 0.0, 'calibrated_ece': 0.02, 'adaptive_threshold': 0.75}","{'is_subjective': False, 'rationale': 'Sorgu nesnel bir bilgi yapısı içermektedir.'}"
2026-07-30 22:28:47,PASSED,NONE,capital of India,New Delhi,New Delhi,"{'reliability_score': 1.0, 'confidence_prob': 0.8543, 'semantic_entropy': 0.4153, 'calibrated_ece': 0.02, 'adaptive_threshold': 0.75}","{'is_subjective': False, 'rationale': 'Sorgu nesnel bir bilgi yapısı içermektedir.'}"
2026-07-30 22:28:48,PASSED,NONE,best movie in world,SUBJECTIVE_REFUSAL,The Best Movie,"{'reliability_score': 1.0, 'confidence_prob': 0.898, 'semantic_entropy': 0.7693, 'calibrated_ece': 0.02, 'adaptive_threshold': 0.45}","{'is_subjective': True, 'rationale': 'Sözcüksel/Sentaks Analizi (`POS=JJS` veya Göreceli Sıfat) öznel bir değerlendirme tespit etti.'}"
2026-07-30 22:28:48,PASSED,NONE,most beautiful city in europe,SUBJECTIVE_REFUSAL,Barcelona,"{'reliability_score': 0.794, 'confidence_prob': 0.6979, 'semantic_entropy': 0.9949, 'calibrated_ece': 0.02, 'adaptive_threshold': 0.75}","{'is_subjective': True, 'rationale': 'Sözcüksel/Sentaks Analizi (`POS=JJS` veya Göreceli Sıfat) öznel bir değerlendirme tespit etti.'}"
2026-07-30 22:28:50,PASSED,NONE,funniest comedian,SUBJECTIVE_REFUSAL,Charlie,"{'reliability_score': 1.0, 'confidence_prob': 0.9371, 'semantic_entropy': 0.3276, 'calibrated_ece': 0.02, 'adaptive_threshold': 0.75}","{'is_subjective': True, 'rationale': 'Sözcüksel/Sentaks Analizi (`POS=JJS` veya Göreceli Sıfat) öznel bir değerlendirme tespit etti.'}"
2026-07-30 22:28:50,PASSED,NONE,capital of Atlantis,LOW_CONFIDENCE_REFUSAL,Delos,"{'reliability_score': 0.6156, 'confidence_prob': 0.5859, 'semantic_entropy': 1.2237, 'calibrated_ece': 0.02, 'adaptive_threshold': 0.75}","{'is_subjective': False, 'rationale': 'Sorgu nesnel bir bilgi yapısı içermektedir.'}"
2026-07-30 22:28:51,PASSED,NONE,capital of France,Paris,Paris,"{'reliability_score': 1.0, 'confidence_prob': 1.0, 'semantic_entropy': 0.0001, 'calibrated_ece': 0.02, 'adaptive_threshold': 0.75}","{'is_subjective': False, 'rationale': 'Sorgu nesnel bir bilgi yapısı içermektedir.'}"
2026-07-30 22:28:52,PASSED,NONE,capital of Germany,Berlin,Berlin,"{'reliability_score': 1.0, 'confidence_prob': 1.0, 'semantic_entropy': 0.0, 'calibrated_ece': 0.02, 'adaptive_threshold': 0.75}","{'is_subjective': False, 'rationale': 'Sorgu nesnel bir bilgi yapısı içermektedir.'}"
2026-07-30 22:28:52,PASSED,NONE,capital of India,New Delhi,New Delhi,"{'reliability_score': 1.0, 'confidence_prob': 0.8543, 'semantic_entropy': 0.4153, 'calibrated_ece': 0.02, 'adaptive_threshold': 0.75}","{'is_subjective': False, 'rationale': 'Sorgu nesnel bir bilgi yapısı içermektedir.'}"
2026-07-30 22:28:53,PASSED,NONE,best movie in world,SUBJECTIVE_REFUSAL,The Best Movie,"{'reliability_score': 1.0, 'confidence_prob': 0.898, 'semantic_entropy': 0.7693, 'calibrated_ece': 0.02, 'adaptive_threshold': 0.45}","{'is_subjective': True, 'rationale': 'Sözcüksel/Sentaks Analizi (`POS=JJS` veya Göreceli Sıfat) öznel bir değerlendirme tespit etti.'}"
2026-07-30 22:28:54,PASSED,NONE,most beautiful city in europe,SUBJECTIVE_REFUSAL,Barcelona,"{'reliability_score': 0.794, 'confidence_prob': 0.6979, 'semantic_entropy': 0.9949, 'calibrated_ece': 0.02, 'adaptive_threshold': 0.75}","{'is_subjective': True, 'rationale': 'Sözcüksel/Sentaks Analizi (`POS=JJS` veya Göreceli Sıfat) öznel bir değerlendirme tespit etti.'}"
2026-07-30 22:28:55,PASSED,NONE,funniest comedian,SUBJECTIVE_REFUSAL,Charlie,"{'reliability_score': 1.0, 'confidence_prob': 0.9371, 'semantic_entropy': 0.3276, 'calibrated_ece': 0.02, 'adaptive_threshold': 0.75}","{'is_subjective': True, 'rationale': 'Sözcüksel/Sentaks Analizi (`POS=JJS` veya Göreceli Sıfat) öznel bir değerlendirme tespit etti.'}"
2026-07-30 22:28:56,PASSED,NONE,capital of Atlantis,LOW_CONFIDENCE_REFUSAL,Delos,"{'reliability_score': 0.6156, 'confidence_prob': 0.5859, 'semantic_entropy': 1.2237, 'calibrated_ece': 0.02, 'adaptive_threshold': 0.75}","{'is_subjective': False, 'rationale': 'Sorgu nesnel bir bilgi yapısı içermektedir.'}"
2026-07-30 22:28:57,PASSED,NONE,capital of France,Paris,Paris,"{'reliability_score': 1.0, 'confidence_prob': 1.0, 'semantic_entropy': 0.0001, 'calibrated_ece': 0.02, 'adaptive_threshold': 0.75}","{'is_subjective': False, 'rationale': 'Sorgu nesnel bir bilgi yapısı içermektedir.'}"
2026-07-30 22:28:57,PASSED,NONE,capital of Germany,Berlin,Berlin,"{'reliability_score': 1.0, 'confidence_prob': 1.0, 'semantic_entropy': 0.0, 'calibrated_ece': 0.02, 'adaptive_threshold': 0.75}","{'is_subjective': False, 'rationale': 'Sorgu nesnel bir bilgi yapısı içermektedir.'}"
2026-07-30 22:28:58,PASSED,NONE,capital of India,New Delhi,New Delhi,"{'reliability_score': 1.0, 'confidence_prob': 0.8543, 'semantic_entropy': 0.4153, 'calibrated_ece': 0.02, 'adaptive_threshold': 0.75}","{'is_subjective': False, 'rationale': 'Sorgu nesnel bir bilgi yapısı içermektedir.'}"
2026-07-30 22:28:59,PASSED,NONE,best movie in world,SUBJECTIVE_REFUSAL,The Best Movie,"{'reliability_score': 1.0, 'confidence_prob': 0.898, 'semantic_entropy': 0.7693, 'calibrated_ece': 0.02, 'adaptive_threshold': 0.45}","{'is_subjective': True, 'rationale': 'Sözcüksel/Sentaks Analizi (`POS=JJS` veya Göreceli Sıfat) öznel bir değerlendirme tespit etti.'}"
2026-07-30 22:29:00,PASSED,NONE,most beautiful city in europe,SUBJECTIVE_REFUSAL,Barcelona,"{'reliability_score': 0.794, 'confidence_prob': 0.6979, 'semantic_entropy': 0.9949, 'calibrated_ece': 0.02, 'adaptive_threshold': 0.75}","{'is_subjective': True, 'rationale': 'Sözcüksel/Sentaks Analizi (`POS=JJS` veya Göreceli Sıfat) öznel bir değerlendirme tespit etti.'}"
2026-07-30 22:29:01,PASSED,NONE,funniest comedian,SUBJECTIVE_REFUSAL,Charlie,"{'reliability_score': 1.0, 'confidence_prob': 0.9371, 'semantic_entropy': 0.3276, 'calibrated_ece': 0.02, 'adaptive_threshold': 0.75}","{'is_subjective': True, 'rationale': 'Sözcüksel/Sentaks Analizi (`POS=JJS` veya Göreceli Sıfat) öznel bir değerlendirme tespit etti.'}"
2026-07-30 22:29:02,PASSED,NONE,capital of Atlantis,LOW_CONFIDENCE_REFUSAL,Delos,"{'reliability_score': 0.6156, 'confidence_prob': 0.5859, 'semantic_entropy': 1.2237, 'calibrated_ece': 0.02, 'adaptive_threshold': 0.75}","{'is_subjective': False, 'rationale': 'Sorgu nesnel bir bilgi yapısı içermektedir.'}"
2026-07-30 22:29:02,PASSED,NONE,capital of France,Paris,Paris,"{'reliability_score': 1.0, 'confidence_prob': 1.0, 'semantic_entropy': 0.0001, 'calibrated_ece': 0.02, 'adaptive_threshold': 0.75}","{'is_subjective': False, 'rationale': 'Sorgu nesnel bir bilgi yapısı içermektedir.'}"
2026-07-30 22:29:03,PASSED,NONE,capital of Germany,Berlin,Berlin,"{'reliability_score': 1.0, 'confidence_prob': 1.0, 'semantic_entropy': 0.0, 'calibrated_ece': 0.02, 'adaptive_threshold': 0.75}","{'is_subjective': False, 'rationale': 'Sorgu nesnel bir bilgi yapısı içermektedir.'}"
2026-07-30 22:29:04,PASSED,NONE,capital of India,New Delhi,New Delhi,"{'reliability_score': 1.0, 'confidence_prob': 0.8543, 'semantic_entropy': 0.4153, 'calibrated_ece': 0.02, 'adaptive_threshold': 0.75}","{'is_subjective': False, 'rationale': 'Sorgu nesnel bir bilgi yapısı içermektedir.'}"
2026-07-30 22:29:05,PASSED,NONE,best movie in world,SUBJECTIVE_REFUSAL,The Best Movie,"{'reliability_score': 1.0, 'confidence_prob': 0.898, 'semantic_entropy': 0.7693, 'calibrated_ece': 0.02, 'adaptive_threshold': 0.45}","{'is_subjective': True, 'rationale': 'Sözcüksel/Sentaks Analizi (`POS=JJS` veya Göreceli Sıfat) öznel bir değerlendirme tespit etti.'}"
2026-07-30 22:29:05,PASSED,NONE,most beautiful city in europe,SUBJECTIVE_REFUSAL,Barcelona,"{'reliability_score': 0.794, 'confidence_prob': 0.6979, 'semantic_entropy': 0.9949, 'calibrated_ece': 0.02, 'adaptive_threshold': 0.75}","{'is_subjective': True, 'rationale': 'Sözcüksel/Sentaks Analizi (`POS=JJS` veya Göreceli Sıfat) öznel bir değerlendirme tespit etti.'}"
2026-07-30 22:29:07,PASSED,NONE,funniest comedian,SUBJECTIVE_REFUSAL,Charlie,"{'reliability_score': 1.0, 'confidence_prob': 0.9371, 'semantic_entropy': 0.3276, 'calibrated_ece': 0.02, 'adaptive_threshold': 0.75}","{'is_subjective': True, 'rationale': 'Sözcüksel/Sentaks Analizi (`POS=JJS` veya Göreceli Sıfat) öznel bir değerlendirme tespit etti.'}"
2026-07-30 22:29:07,PASSED,NONE,capital of Atlantis,LOW_CONFIDENCE_REFUSAL,Delos,"{'reliability_score': 0.6156, 'confidence_prob': 0.5859, 'semantic_entropy': 1.2237, 'calibrated_ece': 0.02, 'adaptive_threshold': 0.75}","{'is_subjective': False, 'rationale': 'Sorgu nesnel bir bilgi yapısı içermektedir.'}"
2026-07-30 22:29:08,PASSED,NONE,capital of France,Paris,Paris,"{'reliability_score': 1.0, 'confidence_prob': 1.0, 'semantic_entropy': 0.0001, 'calibrated_ece': 0.02, 'adaptive_threshold': 0.75}","{'is_subjective': False, 'rationale': 'Sorgu nesnel bir bilgi yapısı içermektedir.'}"
2026-07-30 22:29:09,PASSED,NONE,capital of Germany,Berlin,Berlin,"{'reliability_score': 1.0, 'confidence_prob': 1.0, 'semantic_entropy': 0.0, 'calibrated_ece': 0.02, 'adaptive_threshold': 0.75}","{'is_subjective': False, 'rationale': 'Sorgu nesnel bir bilgi yapısı içermektedir.'}"
2026-07-30 22:29:09,PASSED,NONE,capital of India,New Delhi,New Delhi,"{'reliability_score': 1.0, 'confidence_prob': 0.8543, 'semantic_entropy': 0.4153, 'calibrated_ece': 0.02, 'adaptive_threshold': 0.75}","{'is_subjective': False, 'rationale': 'Sorgu nesnel bir bilgi yapısı içermektedir.'}"
2026-07-30 22:29:10,PASSED,NONE,best movie in world,SUBJECTIVE_REFUSAL,The Best Movie,"{'reliability_score': 1.0, 'confidence_prob': 0.898, 'semantic_entropy': 0.7693, 'calibrated_ece': 0.02, 'adaptive_threshold': 0.45}","{'is_subjective': True, 'rationale': 'Sözcüksel/Sentaks Analizi (`POS=JJS` veya Göreceli Sıfat) öznel bir değerlendirme tespit etti.'}"
2026-07-30 22:29:11,PASSED,NONE,most beautiful city in europe,SUBJECTIVE_REFUSAL,Barcelona,"{'reliability_score': 0.794, 'confidence_prob': 0.6979, 'semantic_entropy': 0.9949, 'calibrated_ece': 0.02, 'adaptive_threshold': 0.75}","{'is_subjective': True, 'rationale': 'Sözcüksel/Sentaks Analizi (`POS=JJS` veya Göreceli Sıfat) öznel bir değerlendirme tespit etti.'}"
2026-07-30 22:29:12,PASSED,NONE,funniest comedian,SUBJECTIVE_REFUSAL,Charlie,"{'reliability_score': 1.0, 'confidence_prob': 0.9371, 'semantic_entropy': 0.3276, 'calibrated_ece': 0.02, 'adaptive_threshold': 0.75}","{'is_subjective': True, 'rationale': 'Sözcüksel/Sentaks Analizi (`POS=JJS` veya Göreceli Sıfat) öznel bir değerlendirme tespit etti.'}"
2026-07-30 22:29:13,PASSED,NONE,capital of Atlantis,LOW_CONFIDENCE_REFUSAL,Delos,"{'reliability_score': 0.6156, 'confidence_prob': 0.5859, 'semantic_entropy': 1.2237, 'calibrated_ece': 0.02, 'adaptive_threshold': 0.75}","{'is_subjective': False, 'rationale': 'Sorgu nesnel bir bilgi yapısı içermektedir.'}"
2026-07-30 22:29:14,PASSED,NONE,capital of France,Paris,Paris,"{'reliability_score': 1.0, 'confidence_prob': 1.0, 'semantic_entropy': 0.0001, 'calibrated_ece': 0.02, 'adaptive_threshold': 0.75}","{'is_subjective': False, 'rationale': 'Sorgu nesnel bir bilgi yapısı içermektedir.'}"
2026-07-30 22:29:14,PASSED,NONE,capital of Germany,Berlin,Berlin,"{'reliability_score': 1.0, 'confidence_prob': 1.0, 'semantic_entropy': 0.0, 'calibrated_ece': 0.02, 'adaptive_threshold': 0.75}","{'is_subjective': False, 'rationale': 'Sorgu nesnel bir bilgi yapısı içermektedir.'}"
2026-07-30 22:29:15,PASSED,NONE,capital of India,New Delhi,New Delhi,"{'reliability_score': 1.0, 'confidence_prob': 0.8543, 'semantic_entropy': 0.4153, 'calibrated_ece': 0.02, 'adaptive_threshold': 0.75}","{'is_subjective': False, 'rationale': 'Sorgu nesnel bir bilgi yapısı içermektedir.'}"
2026-07-30 22:29:16,PASSED,NONE,best movie in world,SUBJECTIVE_REFUSAL,The Best Movie,"{'reliability_score': 1.0, 'confidence_prob': 0.898, 'semantic_entropy': 0.7693, 'calibrated_ece': 0.02, 'adaptive_threshold': 0.45}","{'is_subjective': True, 'rationale': 'Sözcüksel/Sentaks Analizi (`POS=JJS` veya Göreceli Sıfat) öznel bir değerlendirme tespit etti.'}"
2026-07-30 22:29:17,PASSED,NONE,most beautiful city in europe,SUBJECTIVE_REFUSAL,Barcelona,"{'reliability_score': 0.794, 'confidence_prob': 0.6979, 'semantic_entropy': 0.9949, 'calibrated_ece': 0.02, 'adaptive_threshold': 0.75}","{'is_subjective': True, 'rationale': 'Sözcüksel/Sentaks Analizi (`POS=JJS` veya Göreceli Sıfat) öznel bir değerlendirme tespit etti.'}"
2026-07-30 22:29:18,PASSED,NONE,funniest comedian,SUBJECTIVE_REFUSAL,Charlie,"{'reliability_score': 1.0, 'confidence_prob': 0.9371, 'semantic_entropy': 0.3276, 'calibrated_ece': 0.02, 'adaptive_threshold': 0.75}","{'is_subjective': True, 'rationale': 'Sözcüksel/Sentaks Analizi (`POS=JJS` veya Göreceli Sıfat) öznel bir değerlendirme tespit etti.'}"
2026-07-30 22:29:19,PASSED,NONE,capital of Atlantis,LOW_CONFIDENCE_REFUSAL,Delos,"{'reliability_score': 0.6156, 'confidence_prob': 0.5859, 'semantic_entropy': 1.2237, 'calibrated_ece': 0.02, 'adaptive_threshold': 0.75}","{'is_subjective': False, 'rationale': 'Sorgu nesnel bir bilgi yapısı içermektedir.'}"
2026-07-30 22:29:20,PASSED,NONE,capital of France,Paris,Paris,"{'reliability_score': 1.0, 'confidence_prob': 1.0, 'semantic_entropy': 0.0001, 'calibrated_ece': 0.02, 'adaptive_threshold': 0.75}","{'is_subjective': False, 'rationale': 'Sorgu nesnel bir bilgi yapısı içermektedir.'}"
2026-07-30 22:29:20,PASSED,NONE,capital of Germany,Berlin,Berlin,"{'reliability_score': 1.0, 'confidence_prob': 1.0, 'semantic_entropy': 0.0, 'calibrated_ece': 0.02, 'adaptive_threshold': 0.75}","{'is_subjective': False, 'rationale': 'Sorgu nesnel bir bilgi yapısı içermektedir.'}"
2026-07-30 22:29:21,PASSED,NONE,capital of India,New Delhi,New Delhi,"{'reliability_score': 1.0, 'confidence_prob': 0.8543, 'semantic_entropy': 0.4153, 'calibrated_ece': 0.02, 'adaptive_threshold': 0.75}","{'is_subjective': False, 'rationale': 'Sorgu nesnel bir bilgi yapısı içermektedir.'}"
2026-07-30 22:29:22,PASSED,NONE,best movie in world,SUBJECTIVE_REFUSAL,The Best Movie,"{'reliability_score': 1.0, 'confidence_prob': 0.898, 'semantic_entropy': 0.7693, 'calibrated_ece': 0.02, 'adaptive_threshold': 0.45}","{'is_subjective': True, 'rationale': 'Sözcüksel/Sentaks Analizi (`POS=JJS` veya Göreceli Sıfat) öznel bir değerlendirme tespit etti.'}"
2026-07-30 22:29:23,PASSED,NONE,most beautiful city in europe,SUBJECTIVE_REFUSAL,Barcelona,"{'reliability_score': 0.794, 'confidence_prob': 0.6979, 'semantic_entropy': 0.9949, 'calibrated_ece': 0.02, 'adaptive_threshold': 0.75}","{'is_subjective': True, 'rationale': 'Sözcüksel/Sentaks Analizi (`POS=JJS` veya Göreceli Sıfat) öznel bir değerlendirme tespit etti.'}"
2026-07-30 22:29:24,PASSED,NONE,funniest comedian,SUBJECTIVE_REFUSAL,Charlie,"{'reliability_score': 1.0, 'confidence_prob': 0.9371, 'semantic_entropy': 0.3276, 'calibrated_ece': 0.02, 'adaptive_threshold': 0.75}","{'is_subjective': True, 'rationale': 'Sözcüksel/Sentaks Analizi (`POS=JJS` veya Göreceli Sıfat) öznel bir değerlendirme tespit etti.'}"
2026-07-30 22:29:25,PASSED,NONE,capital of Atlantis,LOW_CONFIDENCE_REFUSAL,Delos,"{'reliability_score': 0.6156, 'confidence_prob': 0.5859, 'semantic_entropy': 1.2237, 'calibrated_ece': 0.02, 'adaptive_threshold': 0.75}","{'is_subjective': False, 'rationale': 'Sorgu nesnel bir bilgi yapısı içermektedir.'}"
2026-07-30 22:29:25,PASSED,NONE,capital of France,Paris,Paris,"{'reliability_score': 1.0, 'confidence_prob': 1.0, 'semantic_entropy': 0.0001, 'calibrated_ece': 0.02, 'adaptive_threshold': 0.75}","{'is_subjective': False, 'rationale': 'Sorgu nesnel bir bilgi yapısı içermektedir.'}"
2026-07-30 22:29:26,PASSED,NONE,capital of Germany,Berlin,Berlin,"{'reliability_score': 1.0, 'confidence_prob': 1.0, 'semantic_entropy': 0.0, 'calibrated_ece': 0.02, 'adaptive_threshold': 0.75}","{'is_subjective': False, 'rationale': 'Sorgu nesnel bir bilgi yapısı içermektedir.'}"
2026-07-30 22:29:27,PASSED,NONE,capital of India,New Delhi,New Delhi,"{'reliability_score': 1.0, 'confidence_prob': 0.8543, 'semantic_entropy': 0.4153, 'calibrated_ece': 0.02, 'adaptive_threshold': 0.75}","{'is_subjective': False, 'rationale': 'Sorgu nesnel bir bilgi yapısı içermektedir.'}"
2026-07-30 22:29:28,PASSED,NONE,best movie in world,SUBJECTIVE_REFUSAL,The Best Movie,"{'reliability_score': 1.0, 'confidence_prob': 0.898, 'semantic_entropy': 0.7693, 'calibrated_ece': 0.02, 'adaptive_threshold': 0.45}","{'is_subjective': True, 'rationale': 'Sözcüksel/Sentaks Analizi (`POS=JJS` veya Göreceli Sıfat) öznel bir değerlendirme tespit etti.'}"
2026-07-30 22:29:29,PASSED,NONE,most beautiful city in europe,SUBJECTIVE_REFUSAL,Barcelona,"{'reliability_score': 0.794, 'confidence_prob': 0.6979, 'semantic_entropy': 0.9949, 'calibrated_ece': 0.02, 'adaptive_threshold': 0.75}","{'is_subjective': True, 'rationale': 'Sözcüksel/Sentaks Analizi (`POS=JJS` veya Göreceli Sıfat) öznel bir değerlendirme tespit etti.'}"
2026-07-30 22:29:30,PASSED,NONE,funniest comedian,SUBJECTIVE_REFUSAL,Charlie,"{'reliability_score': 1.0, 'confidence_prob': 0.9371, 'semantic_entropy': 0.3276, 'calibrated_ece': 0.02, 'adaptive_threshold': 0.75}","{'is_subjective': True, 'rationale': 'Sözcüksel/Sentaks Analizi (`POS=JJS` veya Göreceli Sıfat) öznel bir değerlendirme tespit etti.'}"
2026-07-30 22:29:31,PASSED,NONE,capital of Atlantis,LOW_CONFIDENCE_REFUSAL,Delos,"{'reliability_score': 0.6156, 'confidence_prob': 0.5859, 'semantic_entropy': 1.2237, 'calibrated_ece': 0.02, 'adaptive_threshold': 0.75}","{'is_subjective': False, 'rationale': 'Sorgu nesnel bir bilgi yapısı içermektedir.'}"
2026-07-30 22:29:31,PASSED,NONE,capital of France,Paris,Paris,"{'reliability_score': 1.0, 'confidence_prob': 1.0, 'semantic_entropy': 0.0001, 'calibrated_ece': 0.02, 'adaptive_threshold': 0.75}","{'is_subjective': False, 'rationale': 'Sorgu nesnel bir bilgi yapısı içermektedir.'}"
2026-07-30 22:29:32,PASSED,NONE,capital of Germany,Berlin,Berlin,"{'reliability_score': 1.0, 'confidence_prob': 1.0, 'semantic_entropy': 0.0, 'calibrated_ece': 0.02, 'adaptive_threshold': 0.75}","{'is_subjective': False, 'rationale': 'Sorgu nesnel bir bilgi yapısı içermektedir.'}"
2026-07-30 22:29:33,PASSED,NONE,capital of India,New Delhi,New Delhi,"{'reliability_score': 1.0, 'confidence_prob': 0.8543, 'semantic_entropy': 0.4153, 'calibrated_ece': 0.02, 'adaptive_threshold': 0.75}","{'is_subjective': False, 'rationale': 'Sorgu nesnel bir bilgi yapısı içermektedir.'}"
2026-07-30 22:29:34,PASSED,NONE,best movie in world,SUBJECTIVE_REFUSAL,The Best Movie,"{'reliability_score': 1.0, 'confidence_prob': 0.898, 'semantic_entropy': 0.7693, 'calibrated_ece': 0.02, 'adaptive_threshold': 0.45}","{'is_subjective': True, 'rationale': 'Sözcüksel/Sentaks Analizi (`POS=JJS` veya Göreceli Sıfat) öznel bir değerlendirme tespit etti.'}"
2026-07-30 22:29:34,PASSED,NONE,most beautiful city in europe,SUBJECTIVE_REFUSAL,Barcelona,"{'reliability_score': 0.794, 'confidence_prob': 0.6979, 'semantic_entropy': 0.9949, 'calibrated_ece': 0.02, 'adaptive_threshold': 0.75}","{'is_subjective': True, 'rationale': 'Sözcüksel/Sentaks Analizi (`POS=JJS` veya Göreceli Sıfat) öznel bir değerlendirme tespit etti.'}"
2026-07-30 22:29:36,PASSED,NONE,funniest comedian,SUBJECTIVE_REFUSAL,Charlie,"{'reliability_score': 1.0, 'confidence_prob': 0.9371, 'semantic_entropy': 0.3276, 'calibrated_ece': 0.02, 'adaptive_threshold': 0.75}","{'is_subjective': True, 'rationale': 'Sözcüksel/Sentaks Analizi (`POS=JJS` veya Göreceli Sıfat) öznel bir değerlendirme tespit etti.'}"
2026-07-30 22:29:36,PASSED,NONE,capital of Atlantis,LOW_CONFIDENCE_REFUSAL,Delos,"{'reliability_score': 0.6156, 'confidence_prob': 0.5859, 'semantic_entropy': 1.2237, 'calibrated_ece': 0.02, 'adaptive_threshold': 0.75}","{'is_subjective': False, 'rationale': 'Sorgu nesnel bir bilgi yapısı içermektedir.'}"
2026-07-30 22:29:37,PASSED,NONE,capital of France,Paris,Paris,"{'reliability_score': 1.0, 'confidence_prob': 1.0, 'semantic_entropy': 0.0001, 'calibrated_ece': 0.02, 'adaptive_threshold': 0.75}","{'is_subjective': False, 'rationale': 'Sorgu nesnel bir bilgi yapısı içermektedir.'}"
2026-07-30 22:29:38,PASSED,NONE,capital of Germany,Berlin,Berlin,"{'reliability_score': 1.0, 'confidence_prob': 1.0, 'semantic_entropy': 0.0, 'calibrated_ece': 0.02, 'adaptive_threshold': 0.75}","{'is_subjective': False, 'rationale': 'Sorgu nesnel bir bilgi yapısı içermektedir.'}"
2026-07-30 22:29:38,PASSED,NONE,capital of India,New Delhi,New Delhi,"{'reliability_score': 1.0, 'confidence_prob': 0.8543, 'semantic_entropy': 0.4153, 'calibrated_ece': 0.02, 'adaptive_threshold': 0.75}","{'is_subjective': False, 'rationale': 'Sorgu nesnel bir bilgi yapısı içermektedir.'}"
2026-07-30 22:29:39,PASSED,NONE,best movie in world,SUBJECTIVE_REFUSAL,The Best Movie,"{'reliability_score': 1.0, 'confidence_prob': 0.898, 'semantic_entropy': 0.7693, 'calibrated_ece': 0.02, 'adaptive_threshold': 0.45}","{'is_subjective': True, 'rationale': 'Sözcüksel/Sentaks Analizi (`POS=JJS` veya Göreceli Sıfat) öznel bir değerlendirme tespit etti.'}"
2026-07-30 22:29:40,PASSED,NONE,most beautiful city in europe,SUBJECTIVE_REFUSAL,Barcelona,"{'reliability_score': 0.794, 'confidence_prob': 0.6979, 'semantic_entropy': 0.9949, 'calibrated_ece': 0.02, 'adaptive_threshold': 0.75}","{'is_subjective': True, 'rationale': 'Sözcüksel/Sentaks Analizi (`POS=JJS` veya Göreceli Sıfat) öznel bir değerlendirme tespit etti.'}"
2026-07-30 22:29:41,PASSED,NONE,funniest comedian,SUBJECTIVE_REFUSAL,Charlie,"{'reliability_score': 1.0, 'confidence_prob': 0.9371, 'semantic_entropy': 0.3276, 'calibrated_ece': 0.02, 'adaptive_threshold': 0.75}","{'is_subjective': True, 'rationale': 'Sözcüksel/Sentaks Analizi (`POS=JJS` veya Göreceli Sıfat) öznel bir değerlendirme tespit etti.'}"
2026-07-30 22:29:42,PASSED,NONE,capital of Atlantis,LOW_CONFIDENCE_REFUSAL,Delos,"{'reliability_score': 0.6156, 'confidence_prob': 0.5859, 'semantic_entropy': 1.2237, 'calibrated_ece': 0.02, 'adaptive_threshold': 0.75}","{'is_subjective': False, 'rationale': 'Sorgu nesnel bir bilgi yapısı içermektedir.'}"
2026-07-30 22:29:43,PASSED,NONE,capital of France,Paris,Paris,"{'reliability_score': 1.0, 'confidence_prob': 1.0, 'semantic_entropy': 0.0001, 'calibrated_ece': 0.02, 'adaptive_threshold': 0.75}","{'is_subjective': False, 'rationale': 'Sorgu nesnel bir bilgi yapısı içermektedir.'}"
2026-07-30 22:29:43,PASSED,NONE,capital of Germany,Berlin,Berlin,"{'reliability_score': 1.0, 'confidence_prob': 1.0, 'semantic_entropy': 0.0, 'calibrated_ece': 0.02, 'adaptive_threshold': 0.75}","{'is_subjective': False, 'rationale': 'Sorgu nesnel bir bilgi yapısı içermektedir.'}"
2026-07-30 22:29:44,PASSED,NONE,capital of India,New Delhi,New Delhi,"{'reliability_score': 1.0, 'confidence_prob': 0.8543, 'semantic_entropy': 0.4153, 'calibrated_ece': 0.02, 'adaptive_threshold': 0.75}","{'is_subjective': False, 'rationale': 'Sorgu nesnel bir bilgi yapısı içermektedir.'}"
2026-07-30 22:29:45,PASSED,NONE,best movie in world,SUBJECTIVE_REFUSAL,The Best Movie,"{'reliability_score': 1.0, 'confidence_prob': 0.898, 'semantic_entropy': 0.7693, 'calibrated_ece': 0.02, 'adaptive_threshold': 0.45}","{'is_subjective': True, 'rationale': 'Sözcüksel/Sentaks Analizi (`POS=JJS` veya Göreceli Sıfat) öznel bir değerlendirme tespit etti.'}"
2026-07-30 22:29:46,PASSED,NONE,most beautiful city in europe,SUBJECTIVE_REFUSAL,Barcelona,"{'reliability_score': 0.794, 'confidence_prob': 0.6979, 'semantic_entropy': 0.9949, 'calibrated_ece': 0.02, 'adaptive_threshold': 0.75}","{'is_subjective': True, 'rationale': 'Sözcüksel/Sentaks Analizi (`POS=JJS` veya Göreceli Sıfat) öznel bir değerlendirme tespit etti.'}"
2026-07-30 22:29:47,PASSED,NONE,funniest comedian,SUBJECTIVE_REFUSAL,Charlie,"{'reliability_score': 1.0, 'confidence_prob': 0.9371, 'semantic_entropy': 0.3276, 'calibrated_ece': 0.02, 'adaptive_threshold': 0.75}","{'is_subjective': True, 'rationale': 'Sözcüksel/Sentaks Analizi (`POS=JJS` veya Göreceli Sıfat) öznel bir değerlendirme tespit etti.'}"
2026-07-30 22:29:48,PASSED,NONE,capital of Atlantis,LOW_CONFIDENCE_REFUSAL,Delos,"{'reliability_score': 0.6156, 'confidence_prob': 0.5859, 'semantic_entropy': 1.2237, 'calibrated_ece': 0.02, 'adaptive_threshold': 0.75}","{'is_subjective': False, 'rationale': 'Sorgu nesnel bir bilgi yapısı içermektedir.'}"
2026-07-30 22:29:48,PASSED,NONE,capital of France,Paris,Paris,"{'reliability_score': 1.0, 'confidence_prob': 1.0, 'semantic_entropy': 0.0001, 'calibrated_ece': 0.02, 'adaptive_threshold': 0.75}","{'is_subjective': False, 'rationale': 'Sorgu nesnel bir bilgi yapısı içermektedir.'}"
2026-07-30 22:29:49,PASSED,NONE,capital of Germany,Berlin,Berlin,"{'reliability_score': 1.0, 'confidence_prob': 1.0, 'semantic_entropy': 0.0, 'calibrated_ece': 0.02, 'adaptive_threshold': 0.75}","{'is_subjective': False, 'rationale': 'Sorgu nesnel bir bilgi yapısı içermektedir.'}"
2026-07-30 22:29:50,PASSED,NONE,capital of India,New Delhi,New Delhi,"{'reliability_score': 1.0, 'confidence_prob': 0.8543, 'semantic_entropy': 0.4153, 'calibrated_ece': 0.02, 'adaptive_threshold': 0.75}","{'is_subjective': False, 'rationale': 'Sorgu nesnel bir bilgi yapısı içermektedir.'}"
2026-07-30 22:29:51,PASSED,NONE,best movie in world,SUBJECTIVE_REFUSAL,The Best Movie,"{'reliability_score': 1.0, 'confidence_prob': 0.898, 'semantic_entropy': 0.7693, 'calibrated_ece': 0.02, 'adaptive_threshold': 0.45}","{'is_subjective': True, 'rationale': 'Sözcüksel/Sentaks Analizi (`POS=JJS` veya Göreceli Sıfat) öznel bir değerlendirme tespit etti.'}"
2026-07-30 22:29:52,PASSED,NONE,most beautiful city in europe,SUBJECTIVE_REFUSAL,Barcelona,"{'reliability_score': 0.794, 'confidence_prob': 0.6979, 'semantic_entropy': 0.9949, 'calibrated_ece': 0.02, 'adaptive_threshold': 0.75}","{'is_subjective': True, 'rationale': 'Sözcüksel/Sentaks Analizi (`POS=JJS` veya Göreceli Sıfat) öznel bir değerlendirme tespit etti.'}"
2026-07-30 22:29:53,PASSED,NONE,funniest comedian,SUBJECTIVE_REFUSAL,Charlie,"{'reliability_score': 1.0, 'confidence_prob': 0.9371, 'semantic_entropy': 0.3276, 'calibrated_ece': 0.02, 'adaptive_threshold': 0.75}","{'is_subjective': True, 'rationale': 'Sözcüksel/Sentaks Analizi (`POS=JJS` veya Göreceli Sıfat) öznel bir değerlendirme tespit etti.'}"
2026-07-30 22:29:53,PASSED,NONE,capital of Atlantis,LOW_CONFIDENCE_REFUSAL,Delos,"{'reliability_score': 0.6156, 'confidence_prob': 0.5859, 'semantic_entropy': 1.2237, 'calibrated_ece': 0.02, 'adaptive_threshold': 0.75}","{'is_subjective': False, 'rationale': 'Sorgu nesnel bir bilgi yapısı içermektedir.'}"
2026-07-30 22:29:54,PASSED,NONE,capital of France,Paris,Paris,"{'reliability_score': 1.0, 'confidence_prob': 1.0, 'semantic_entropy': 0.0001, 'calibrated_ece': 0.02, 'adaptive_threshold': 0.75}","{'is_subjective': False, 'rationale': 'Sorgu nesnel bir bilgi yapısı içermektedir.'}"
2026-07-30 22:29:55,PASSED,NONE,capital of Germany,Berlin,Berlin,"{'reliability_score': 1.0, 'confidence_prob': 1.0, 'semantic_entropy': 0.0, 'calibrated_ece': 0.02, 'adaptive_threshold': 0.75}","{'is_subjective': False, 'rationale': 'Sorgu nesnel bir bilgi yapısı içermektedir.'}"
2026-07-30 22:29:55,PASSED,NONE,capital of India,New Delhi,New Delhi,"{'reliability_score': 1.0, 'confidence_prob': 0.8543, 'semantic_entropy': 0.4153, 'calibrated_ece': 0.02, 'adaptive_threshold': 0.75}","{'is_subjective': False, 'rationale': 'Sorgu nesnel bir bilgi yapısı içermektedir.'}"
2026-07-30 22:29:56,PASSED,NONE,best movie in world,SUBJECTIVE_REFUSAL,The Best Movie,"{'reliability_score': 1.0, 'confidence_prob': 0.898, 'semantic_entropy': 0.7693, 'calibrated_ece': 0.02, 'adaptive_threshold': 0.45}","{'is_subjective': True, 'rationale': 'Sözcüksel/Sentaks Analizi (`POS=JJS` veya Göreceli Sıfat) öznel bir değerlendirme tespit etti.'}"
2026-07-30 22:29:57,PASSED,NONE,most beautiful city in europe,SUBJECTIVE_REFUSAL,Barcelona,"{'reliability_score': 0.794, 'confidence_prob': 0.6979, 'semantic_entropy': 0.9949, 'calibrated_ece': 0.02, 'adaptive_threshold': 0.75}","{'is_subjective': True, 'rationale': 'Sözcüksel/Sentaks Analizi (`POS=JJS` veya Göreceli Sıfat) öznel bir değerlendirme tespit etti.'}"
2026-07-30 22:29:58,PASSED,NONE,funniest comedian,SUBJECTIVE_REFUSAL,Charlie,"{'reliability_score': 1.0, 'confidence_prob': 0.9371, 'semantic_entropy': 0.3276, 'calibrated_ece': 0.02, 'adaptive_threshold': 0.75}","{'is_subjective': True, 'rationale': 'Sözcüksel/Sentaks Analizi (`POS=JJS` veya Göreceli Sıfat) öznel bir değerlendirme tespit etti.'}"
2026-07-30 22:29:59,PASSED,NONE,capital of Atlantis,LOW_CONFIDENCE_REFUSAL,Delos,"{'reliability_score': 0.6156, 'confidence_prob': 0.5859, 'semantic_entropy': 1.2237, 'calibrated_ece': 0.02, 'adaptive_threshold': 0.75}","{'is_subjective': False, 'rationale': 'Sorgu nesnel bir bilgi yapısı içermektedir.'}"
2026-07-30 22:30:00,PASSED,NONE,capital of France,Paris,Paris,"{'reliability_score': 1.0, 'confidence_prob': 1.0, 'semantic_entropy': 0.0001, 'calibrated_ece': 0.02, 'adaptive_threshold': 0.75}","{'is_subjective': False, 'rationale': 'Sorgu nesnel bir bilgi yapısı içermektedir.'}"
2026-07-30 22:30:00,PASSED,NONE,capital of Germany,Berlin,Berlin,"{'reliability_score': 1.0, 'confidence_prob': 1.0, 'semantic_entropy': 0.0, 'calibrated_ece': 0.02, 'adaptive_threshold': 0.75}","{'is_subjective': False, 'rationale': 'Sorgu nesnel bir bilgi yapısı içermektedir.'}"
2026-07-30 22:30:01,PASSED,NONE,capital of India,New Delhi,New Delhi,"{'reliability_score': 1.0, 'confidence_prob': 0.8543, 'semantic_entropy': 0.4153, 'calibrated_ece': 0.02, 'adaptive_threshold': 0.75}","{'is_subjective': False, 'rationale': 'Sorgu nesnel bir bilgi yapısı içermektedir.'}"
2026-07-30 22:30:02,PASSED,NONE,best movie in world,SUBJECTIVE_REFUSAL,The Best Movie,"{'reliability_score': 1.0, 'confidence_prob': 0.898, 'semantic_entropy': 0.7693, 'calibrated_ece': 0.02, 'adaptive_threshold': 0.45}","{'is_subjective': True, 'rationale': 'Sözcüksel/Sentaks Analizi (`POS=JJS` veya Göreceli Sıfat) öznel bir değerlendirme tespit etti.'}"
2026-07-30 22:30:03,PASSED,NONE,most beautiful city in europe,SUBJECTIVE_REFUSAL,Barcelona,"{'reliability_score': 0.794, 'confidence_prob': 0.6979, 'semantic_entropy': 0.9949, 'calibrated_ece': 0.02, 'adaptive_threshold': 0.75}","{'is_subjective': True, 'rationale': 'Sözcüksel/Sentaks Analizi (`POS=JJS` veya Göreceli Sıfat) öznel bir değerlendirme tespit etti.'}"
2026-07-30 22:30:04,PASSED,NONE,funniest comedian,SUBJECTIVE_REFUSAL,Charlie,"{'reliability_score': 1.0, 'confidence_prob': 0.9371, 'semantic_entropy': 0.3276, 'calibrated_ece': 0.02, 'adaptive_threshold': 0.75}","{'is_subjective': True, 'rationale': 'Sözcüksel/Sentaks Analizi (`POS=JJS` veya Göreceli Sıfat) öznel bir değerlendirme tespit etti.'}"
2026-07-30 22:30:05,PASSED,NONE,capital of Atlantis,LOW_CONFIDENCE_REFUSAL,Delos,"{'reliability_score': 0.6156, 'confidence_prob': 0.5859, 'semantic_entropy': 1.2237, 'calibrated_ece': 0.02, 'adaptive_threshold': 0.75}","{'is_subjective': False, 'rationale': 'Sorgu nesnel bir bilgi yapısı içermektedir.'}"
2026-07-30 22:30:05,PASSED,NONE,capital of France,Paris,Paris,"{'reliability_score': 1.0, 'confidence_prob': 1.0, 'semantic_entropy': 0.0001, 'calibrated_ece': 0.02, 'adaptive_threshold': 0.75}","{'is_subjective': False, 'rationale': 'Sorgu nesnel bir bilgi yapısı içermektedir.'}"
2026-07-30 22:30:06,PASSED,NONE,capital of Germany,Berlin,Berlin,"{'reliability_score': 1.0, 'confidence_prob': 1.0, 'semantic_entropy': 0.0, 'calibrated_ece': 0.02, 'adaptive_threshold': 0.75}","{'is_subjective': False, 'rationale': 'Sorgu nesnel bir bilgi yapısı içermektedir.'}"
2026-07-30 22:30:07,PASSED,NONE,capital of India,New Delhi,New Delhi,"{'reliability_score': 1.0, 'confidence_prob': 0.8543, 'semantic_entropy': 0.4153, 'calibrated_ece': 0.02, 'adaptive_threshold': 0.75}","{'is_subjective': False, 'rationale': 'Sorgu nesnel bir bilgi yapısı içermektedir.'}"
2026-07-30 22:30:08,PASSED,NONE,best movie in world,SUBJECTIVE_REFUSAL,The Best Movie,"{'reliability_score': 1.0, 'confidence_prob': 0.898, 'semantic_entropy': 0.7693, 'calibrated_ece': 0.02, 'adaptive_threshold': 0.45}","{'is_subjective': True, 'rationale': 'Sözcüksel/Sentaks Analizi (`POS=JJS` veya Göreceli Sıfat) öznel bir değerlendirme tespit etti.'}"
2026-07-30 22:30:08,PASSED,NONE,most beautiful city in europe,SUBJECTIVE_REFUSAL,Barcelona,"{'reliability_score': 0.794, 'confidence_prob': 0.6979, 'semantic_entropy': 0.9949, 'calibrated_ece': 0.02, 'adaptive_threshold': 0.75}","{'is_subjective': True, 'rationale': 'Sözcüksel/Sentaks Analizi (`POS=JJS` veya Göreceli Sıfat) öznel bir değerlendirme tespit etti.'}"
2026-07-30 22:30:10,PASSED,NONE,funniest comedian,SUBJECTIVE_REFUSAL,Charlie,"{'reliability_score': 1.0, 'confidence_prob': 0.9371, 'semantic_entropy': 0.3276, 'calibrated_ece': 0.02, 'adaptive_threshold': 0.75}","{'is_subjective': True, 'rationale': 'Sözcüksel/Sentaks Analizi (`POS=JJS` veya Göreceli Sıfat) öznel bir değerlendirme tespit etti.'}"
2026-07-30 22:30:10,PASSED,NONE,capital of Atlantis,LOW_CONFIDENCE_REFUSAL,Delos,"{'reliability_score': 0.6156, 'confidence_prob': 0.5859, 'semantic_entropy': 1.2237, 'calibrated_ece': 0.02, 'adaptive_threshold': 0.75}","{'is_subjective': False, 'rationale': 'Sorgu nesnel bir bilgi yapısı içermektedir.'}"
2026-07-30 22:30:11,PASSED,NONE,capital of France,Paris,Paris,"{'reliability_score': 1.0, 'confidence_prob': 1.0, 'semantic_entropy': 0.0001, 'calibrated_ece': 0.02, 'adaptive_threshold': 0.75}","{'is_subjective': False, 'rationale': 'Sorgu nesnel bir bilgi yapısı içermektedir.'}"
2026-07-30 22:30:11,PASSED,NONE,capital of Germany,Berlin,Berlin,"{'reliability_score': 1.0, 'confidence_prob': 1.0, 'semantic_entropy': 0.0, 'calibrated_ece': 0.02, 'adaptive_threshold': 0.75}","{'is_subjective': False, 'rationale': 'Sorgu nesnel bir bilgi yapısı içermektedir.'}"
2026-07-30 22:30:12,PASSED,NONE,capital of India,New Delhi,New Delhi,"{'reliability_score': 1.0, 'confidence_prob': 0.8543, 'semantic_entropy': 0.4153, 'calibrated_ece': 0.02, 'adaptive_threshold': 0.75}","{'is_subjective': False, 'rationale': 'Sorgu nesnel bir bilgi yapısı içermektedir.'}"
2026-07-30 22:30:13,PASSED,NONE,best movie in world,SUBJECTIVE_REFUSAL,The Best Movie,"{'reliability_score': 1.0, 'confidence_prob': 0.898, 'semantic_entropy': 0.7693, 'calibrated_ece': 0.02, 'adaptive_threshold': 0.45}","{'is_subjective': True, 'rationale': 'Sözcüksel/Sentaks Analizi (`POS=JJS` veya Göreceli Sıfat) öznel bir değerlendirme tespit etti.'}"
2026-07-30 22:30:14,PASSED,NONE,most beautiful city in europe,SUBJECTIVE_REFUSAL,Barcelona,"{'reliability_score': 0.794, 'confidence_prob': 0.6979, 'semantic_entropy': 0.9949, 'calibrated_ece': 0.02, 'adaptive_threshold': 0.75}","{'is_subjective': True, 'rationale': 'Sözcüksel/Sentaks Analizi (`POS=JJS` veya Göreceli Sıfat) öznel bir değerlendirme tespit etti.'}"
2026-07-30 22:30:15,PASSED,NONE,funniest comedian,SUBJECTIVE_REFUSAL,Charlie,"{'reliability_score': 1.0, 'confidence_prob': 0.9371, 'semantic_entropy': 0.3276, 'calibrated_ece': 0.02, 'adaptive_threshold': 0.75}","{'is_subjective': True, 'rationale': 'Sözcüksel/Sentaks Analizi (`POS=JJS` veya Göreceli Sıfat) öznel bir değerlendirme tespit etti.'}"
2026-07-30 22:30:16,PASSED,NONE,capital of Atlantis,LOW_CONFIDENCE_REFUSAL,Delos,"{'reliability_score': 0.6156, 'confidence_prob': 0.5859, 'semantic_entropy': 1.2237, 'calibrated_ece': 0.02, 'adaptive_threshold': 0.75}","{'is_subjective': False, 'rationale': 'Sorgu nesnel bir bilgi yapısı içermektedir.'}"
2026-07-30 22:30:17,PASSED,NONE,capital of France,Paris,Paris,"{'reliability_score': 1.0, 'confidence_prob': 1.0, 'semantic_entropy': 0.0001, 'calibrated_ece': 0.02, 'adaptive_threshold': 0.75}","{'is_subjective': False, 'rationale': 'Sorgu nesnel bir bilgi yapısı içermektedir.'}"
2026-07-30 22:30:17,PASSED,NONE,capital of Germany,Berlin,Berlin,"{'reliability_score': 1.0, 'confidence_prob': 1.0, 'semantic_entropy': 0.0, 'calibrated_ece': 0.02, 'adaptive_threshold': 0.75}","{'is_subjective': False, 'rationale': 'Sorgu nesnel bir bilgi yapısı içermektedir.'}"
2026-07-30 22:30:18,PASSED,NONE,capital of India,New Delhi,New Delhi,"{'reliability_score': 1.0, 'confidence_prob': 0.8543, 'semantic_entropy': 0.4153, 'calibrated_ece': 0.02, 'adaptive_threshold': 0.75}","{'is_subjective': False, 'rationale': 'Sorgu nesnel bir bilgi yapısı içermektedir.'}"
2026-07-30 22:30:19,PASSED,NONE,best movie in world,SUBJECTIVE_REFUSAL,The Best Movie,"{'reliability_score': 1.0, 'confidence_prob': 0.898, 'semantic_entropy': 0.7693, 'calibrated_ece': 0.02, 'adaptive_threshold': 0.45}","{'is_subjective': True, 'rationale': 'Sözcüksel/Sentaks Analizi (`POS=JJS` veya Göreceli Sıfat) öznel bir değerlendirme tespit etti.'}"
2026-07-30 22:30:20,PASSED,NONE,most beautiful city in europe,SUBJECTIVE_REFUSAL,Barcelona,"{'reliability_score': 0.794, 'confidence_prob': 0.6979, 'semantic_entropy': 0.9949, 'calibrated_ece': 0.02, 'adaptive_threshold': 0.75}","{'is_subjective': True, 'rationale': 'Sözcüksel/Sentaks Analizi (`POS=JJS` veya Göreceli Sıfat) öznel bir değerlendirme tespit etti.'}"
2026-07-30 22:30:21,PASSED,NONE,funniest comedian,SUBJECTIVE_REFUSAL,Charlie,"{'reliability_score': 1.0, 'confidence_prob': 0.9371, 'semantic_entropy': 0.3276, 'calibrated_ece': 0.02, 'adaptive_threshold': 0.75}","{'is_subjective': True, 'rationale': 'Sözcüksel/Sentaks Analizi (`POS=JJS` veya Göreceli Sıfat) öznel bir değerlendirme tespit etti.'}"
2026-07-30 22:30:22,PASSED,NONE,capital of Atlantis,LOW_CONFIDENCE_REFUSAL,Delos,"{'reliability_score': 0.6156, 'confidence_prob': 0.5859, 'semantic_entropy': 1.2237, 'calibrated_ece': 0.02, 'adaptive_threshold': 0.75}","{'is_subjective': False, 'rationale': 'Sorgu nesnel bir bilgi yapısı içermektedir.'}"
2026-07-30 22:30:22,PASSED,NONE,capital of France,Paris,Paris,"{'reliability_score': 1.0, 'confidence_prob': 1.0, 'semantic_entropy': 0.0001, 'calibrated_ece': 0.02, 'adaptive_threshold': 0.75}","{'is_subjective': False, 'rationale': 'Sorgu nesnel bir bilgi yapısı içermektedir.'}"
2026-07-30 22:30:23,PASSED,NONE,capital of Germany,Berlin,Berlin,"{'reliability_score': 1.0, 'confidence_prob': 1.0, 'semantic_entropy': 0.0, 'calibrated_ece': 0.02, 'adaptive_threshold': 0.75}","{'is_subjective': False, 'rationale': 'Sorgu nesnel bir bilgi yapısı içermektedir.'}"
2026-07-30 22:30:24,PASSED,NONE,capital of India,New Delhi,New Delhi,"{'reliability_score': 1.0, 'confidence_prob': 0.8543, 'semantic_entropy': 0.4153, 'calibrated_ece': 0.02, 'adaptive_threshold': 0.75}","{'is_subjective': False, 'rationale': 'Sorgu nesnel bir bilgi yapısı içermektedir.'}"
2026-07-30 22:30:25,PASSED,NONE,best movie in world,SUBJECTIVE_REFUSAL,The Best Movie,"{'reliability_score': 1.0, 'confidence_prob': 0.898, 'semantic_entropy': 0.7693, 'calibrated_ece': 0.02, 'adaptive_threshold': 0.45}","{'is_subjective': True, 'rationale': 'Sözcüksel/Sentaks Analizi (`POS=JJS` veya Göreceli Sıfat) öznel bir değerlendirme tespit etti.'}"
2026-07-30 22:30:25,PASSED,NONE,most beautiful city in europe,SUBJECTIVE_REFUSAL,Barcelona,"{'reliability_score': 0.794, 'confidence_prob': 0.6979, 'semantic_entropy': 0.9949, 'calibrated_ece': 0.02, 'adaptive_threshold': 0.75}","{'is_subjective': True, 'rationale': 'Sözcüksel/Sentaks Analizi (`POS=JJS` veya Göreceli Sıfat) öznel bir değerlendirme tespit etti.'}"
2026-07-30 22:30:27,PASSED,NONE,funniest comedian,SUBJECTIVE_REFUSAL,Charlie,"{'reliability_score': 1.0, 'confidence_prob': 0.9371, 'semantic_entropy': 0.3276, 'calibrated_ece': 0.02, 'adaptive_threshold': 0.75}","{'is_subjective': True, 'rationale': 'Sözcüksel/Sentaks Analizi (`POS=JJS` veya Göreceli Sıfat) öznel bir değerlendirme tespit etti.'}"
2026-07-30 22:30:27,PASSED,NONE,capital of Atlantis,LOW_CONFIDENCE_REFUSAL,Delos,"{'reliability_score': 0.6156, 'confidence_prob': 0.5859, 'semantic_entropy': 1.2237, 'calibrated_ece': 0.02, 'adaptive_threshold': 0.75}","{'is_subjective': False, 'rationale': 'Sorgu nesnel bir bilgi yapısı içermektedir.'}"
2026-07-30 22:30:28,PASSED,NONE,capital of France,Paris,Paris,"{'reliability_score': 1.0, 'confidence_prob': 1.0, 'semantic_entropy': 0.0001, 'calibrated_ece': 0.02, 'adaptive_threshold': 0.75}","{'is_subjective': False, 'rationale': 'Sorgu nesnel bir bilgi yapısı içermektedir.'}"
2026-07-30 22:30:29,PASSED,NONE,capital of Germany,Berlin,Berlin,"{'reliability_score': 1.0, 'confidence_prob': 1.0, 'semantic_entropy': 0.0, 'calibrated_ece': 0.02, 'adaptive_threshold': 0.75}","{'is_subjective': False, 'rationale': 'Sorgu nesnel bir bilgi yapısı içermektedir.'}"
2026-07-30 22:30:29,PASSED,NONE,capital of India,New Delhi,New Delhi,"{'reliability_score': 1.0, 'confidence_prob': 0.8543, 'semantic_entropy': 0.4153, 'calibrated_ece': 0.02, 'adaptive_threshold': 0.75}","{'is_subjective': False, 'rationale': 'Sorgu nesnel bir bilgi yapısı içermektedir.'}"
2026-07-30 22:30:30,PASSED,NONE,best movie in world,SUBJECTIVE_REFUSAL,The Best Movie,"{'reliability_score': 1.0, 'confidence_prob': 0.898, 'semantic_entropy': 0.7693, 'calibrated_ece': 0.02, 'adaptive_threshold': 0.45}","{'is_subjective': True, 'rationale': 'Sözcüksel/Sentaks Analizi (`POS=JJS` veya Göreceli Sıfat) öznel bir değerlendirme tespit etti.'}"
2026-07-30 22:30:31,PASSED,NONE,most beautiful city in europe,SUBJECTIVE_REFUSAL,Barcelona,"{'reliability_score': 0.794, 'confidence_prob': 0.6979, 'semantic_entropy': 0.9949, 'calibrated_ece': 0.02, 'adaptive_threshold': 0.75}","{'is_subjective': True, 'rationale': 'Sözcüksel/Sentaks Analizi (`POS=JJS` veya Göreceli Sıfat) öznel bir değerlendirme tespit etti.'}"
2026-07-30 22:30:32,PASSED,NONE,funniest comedian,SUBJECTIVE_REFUSAL,Charlie,"{'reliability_score': 1.0, 'confidence_prob': 0.9371, 'semantic_entropy': 0.3276, 'calibrated_ece': 0.02, 'adaptive_threshold': 0.75}","{'is_subjective': True, 'rationale': 'Sözcüksel/Sentaks Analizi (`POS=JJS` veya Göreceli Sıfat) öznel bir değerlendirme tespit etti.'}"
2026-07-30 22:30:33,PASSED,NONE,capital of Atlantis,LOW_CONFIDENCE_REFUSAL,Delos,"{'reliability_score': 0.6156, 'confidence_prob': 0.5859, 'semantic_entropy': 1.2237, 'calibrated_ece': 0.02, 'adaptive_threshold': 0.75}","{'is_subjective': False, 'rationale': 'Sorgu nesnel bir bilgi yapısı içermektedir.'}"
2026-07-30 22:30:34,PASSED,NONE,capital of France,Paris,Paris,"{'reliability_score': 1.0, 'confidence_prob': 1.0, 'semantic_entropy': 0.0001, 'calibrated_ece': 0.02, 'adaptive_threshold': 0.75}","{'is_subjective': False, 'rationale': 'Sorgu nesnel bir bilgi yapısı içermektedir.'}"
2026-07-30 22:30:34,PASSED,NONE,capital of Germany,Berlin,Berlin,"{'reliability_score': 1.0, 'confidence_prob': 1.0, 'semantic_entropy': 0.0, 'calibrated_ece': 0.02, 'adaptive_threshold': 0.75}","{'is_subjective': False, 'rationale': 'Sorgu nesnel bir bilgi yapısı içermektedir.'}"
2026-07-30 22:30:35,PASSED,NONE,capital of India,New Delhi,New Delhi,"{'reliability_score': 1.0, 'confidence_prob': 0.8543, 'semantic_entropy': 0.4153, 'calibrated_ece': 0.02, 'adaptive_threshold': 0.75}","{'is_subjective': False, 'rationale': 'Sorgu nesnel bir bilgi yapısı içermektedir.'}"
2026-07-30 22:30:36,PASSED,NONE,best movie in world,SUBJECTIVE_REFUSAL,The Best Movie,"{'reliability_score': 1.0, 'confidence_prob': 0.898, 'semantic_entropy': 0.7693, 'calibrated_ece': 0.02, 'adaptive_threshold': 0.45}","{'is_subjective': True, 'rationale': 'Sözcüksel/Sentaks Analizi (`POS=JJS` veya Göreceli Sıfat) öznel bir değerlendirme tespit etti.'}"
2026-07-30 22:30:37,PASSED,NONE,most beautiful city in europe,SUBJECTIVE_REFUSAL,Barcelona,"{'reliability_score': 0.794, 'confidence_prob': 0.6979, 'semantic_entropy': 0.9949, 'calibrated_ece': 0.02, 'adaptive_threshold': 0.75}","{'is_subjective': True, 'rationale': 'Sözcüksel/Sentaks Analizi (`POS=JJS` veya Göreceli Sıfat) öznel bir değerlendirme tespit etti.'}"
2026-07-30 22:30:38,PASSED,NONE,funniest comedian,SUBJECTIVE_REFUSAL,Charlie,"{'reliability_score': 1.0, 'confidence_prob': 0.9371, 'semantic_entropy': 0.3276, 'calibrated_ece': 0.02, 'adaptive_threshold': 0.75}","{'is_subjective': True, 'rationale': 'Sözcüksel/Sentaks Analizi (`POS=JJS` veya Göreceli Sıfat) öznel bir değerlendirme tespit etti.'}"
2026-07-30 22:30:39,PASSED,NONE,capital of Atlantis,LOW_CONFIDENCE_REFUSAL,Delos,"{'reliability_score': 0.6156, 'confidence_prob': 0.5859, 'semantic_entropy': 1.2237, 'calibrated_ece': 0.02, 'adaptive_threshold': 0.75}","{'is_subjective': False, 'rationale': 'Sorgu nesnel bir bilgi yapısı içermektedir.'}"
2026-07-30 22:30:39,PASSED,NONE,capital of France,Paris,Paris,"{'reliability_score': 1.0, 'confidence_prob': 1.0, 'semantic_entropy': 0.0001, 'calibrated_ece': 0.02, 'adaptive_threshold': 0.75}","{'is_subjective': False, 'rationale': 'Sorgu nesnel bir bilgi yapısı içermektedir.'}"
2026-07-30 22:30:40,PASSED,NONE,capital of Germany,Berlin,Berlin,"{'reliability_score': 1.0, 'confidence_prob': 1.0, 'semantic_entropy': 0.0, 'calibrated_ece': 0.02, 'adaptive_threshold': 0.75}","{'is_subjective': False, 'rationale': 'Sorgu nesnel bir bilgi yapısı içermektedir.'}"
2026-07-30 22:30:41,PASSED,NONE,capital of India,New Delhi,New Delhi,"{'reliability_score': 1.0, 'confidence_prob': 0.8543, 'semantic_entropy': 0.4153, 'calibrated_ece': 0.02, 'adaptive_threshold': 0.75}","{'is_subjective': False, 'rationale': 'Sorgu nesnel bir bilgi yapısı içermektedir.'}"
2026-07-30 22:30:42,PASSED,NONE,best movie in world,SUBJECTIVE_REFUSAL,The Best Movie,"{'reliability_score': 1.0, 'confidence_prob': 0.898, 'semantic_entropy': 0.7693, 'calibrated_ece': 0.02, 'adaptive_threshold': 0.45}","{'is_subjective': True, 'rationale': 'Sözcüksel/Sentaks Analizi (`POS=JJS` veya Göreceli Sıfat) öznel bir değerlendirme tespit etti.'}"
2026-07-30 22:30:42,PASSED,NONE,most beautiful city in europe,SUBJECTIVE_REFUSAL,Barcelona,"{'reliability_score': 0.794, 'confidence_prob': 0.6979, 'semantic_entropy': 0.9949, 'calibrated_ece': 0.02, 'adaptive_threshold': 0.75}","{'is_subjective': True, 'rationale': 'Sözcüksel/Sentaks Analizi (`POS=JJS` veya Göreceli Sıfat) öznel bir değerlendirme tespit etti.'}"
2026-07-30 22:30:43,PASSED,NONE,funniest comedian,SUBJECTIVE_REFUSAL,Charlie,"{'reliability_score': 1.0, 'confidence_prob': 0.9371, 'semantic_entropy': 0.3276, 'calibrated_ece': 0.02, 'adaptive_threshold': 0.75}","{'is_subjective': True, 'rationale': 'Sözcüksel/Sentaks Analizi (`POS=JJS` veya Göreceli Sıfat) öznel bir değerlendirme tespit etti.'}"
2026-07-30 22:30:44,PASSED,NONE,capital of Atlantis,LOW_CONFIDENCE_REFUSAL,Delos,"{'reliability_score': 0.6156, 'confidence_prob': 0.5859, 'semantic_entropy': 1.2237, 'calibrated_ece': 0.02, 'adaptive_threshold': 0.75}","{'is_subjective': False, 'rationale': 'Sorgu nesnel bir bilgi yapısı içermektedir.'}"
2026-07-30 22:30:45,PASSED,NONE,capital of France,Paris,Paris,"{'reliability_score': 1.0, 'confidence_prob': 1.0, 'semantic_entropy': 0.0001, 'calibrated_ece': 0.02, 'adaptive_threshold': 0.75}","{'is_subjective': False, 'rationale': 'Sorgu nesnel bir bilgi yapısı içermektedir.'}"
2026-07-30 22:30:45,PASSED,NONE,capital of Germany,Berlin,Berlin,"{'reliability_score': 1.0, 'confidence_prob': 1.0, 'semantic_entropy': 0.0, 'calibrated_ece': 0.02, 'adaptive_threshold': 0.75}","{'is_subjective': False, 'rationale': 'Sorgu nesnel bir bilgi yapısı içermektedir.'}"
2026-07-30 22:30:46,PASSED,NONE,capital of India,New Delhi,New Delhi,"{'reliability_score': 1.0, 'confidence_prob': 0.8543, 'semantic_entropy': 0.4153, 'calibrated_ece': 0.02, 'adaptive_threshold': 0.75}","{'is_subjective': False, 'rationale': 'Sorgu nesnel bir bilgi yapısı içermektedir.'}"
2026-07-30 22:30:47,PASSED,NONE,best movie in world,SUBJECTIVE_REFUSAL,The Best Movie,"{'reliability_score': 1.0, 'confidence_prob': 0.898, 'semantic_entropy': 0.7693, 'calibrated_ece': 0.02, 'adaptive_threshold': 0.45}","{'is_subjective': True, 'rationale': 'Sözcüksel/Sentaks Analizi (`POS=JJS` veya Göreceli Sıfat) öznel bir değerlendirme tespit etti.'}"
2026-07-30 22:30:48,PASSED,NONE,most beautiful city in europe,SUBJECTIVE_REFUSAL,Barcelona,"{'reliability_score': 0.794, 'confidence_prob': 0.6979, 'semantic_entropy': 0.9949, 'calibrated_ece': 0.02, 'adaptive_threshold': 0.75}","{'is_subjective': True, 'rationale': 'Sözcüksel/Sentaks Analizi (`POS=JJS` veya Göreceli Sıfat) öznel bir değerlendirme tespit etti.'}"
2026-07-30 22:30:49,PASSED,NONE,funniest comedian,SUBJECTIVE_REFUSAL,Charlie,"{'reliability_score': 1.0, 'confidence_prob': 0.9371, 'semantic_entropy': 0.3276, 'calibrated_ece': 0.02, 'adaptive_threshold': 0.75}","{'is_subjective': True, 'rationale': 'Sözcüksel/Sentaks Analizi (`POS=JJS` veya Göreceli Sıfat) öznel bir değerlendirme tespit etti.'}"
2026-07-30 22:30:50,PASSED,NONE,capital of Atlantis,LOW_CONFIDENCE_REFUSAL,Delos,"{'reliability_score': 0.6156, 'confidence_prob': 0.5859, 'semantic_entropy': 1.2237, 'calibrated_ece': 0.02, 'adaptive_threshold': 0.75}","{'is_subjective': False, 'rationale': 'Sorgu nesnel bir bilgi yapısı içermektedir.'}"
2026-07-30 22:30:51,PASSED,NONE,capital of France,Paris,Paris,"{'reliability_score': 1.0, 'confidence_prob': 1.0, 'semantic_entropy': 0.0001, 'calibrated_ece': 0.02, 'adaptive_threshold': 0.75}","{'is_subjective': False, 'rationale': 'Sorgu nesnel bir bilgi yapısı içermektedir.'}"
2026-07-30 22:30:51,PASSED,NONE,capital of Germany,Berlin,Berlin,"{'reliability_score': 1.0, 'confidence_prob': 1.0, 'semantic_entropy': 0.0, 'calibrated_ece': 0.02, 'adaptive_threshold': 0.75}","{'is_subjective': False, 'rationale': 'Sorgu nesnel bir bilgi yapısı içermektedir.'}"
2026-07-30 22:30:52,PASSED,NONE,capital of India,New Delhi,New Delhi,"{'reliability_score': 1.0, 'confidence_prob': 0.8543, 'semantic_entropy': 0.4153, 'calibrated_ece': 0.02, 'adaptive_threshold': 0.75}","{'is_subjective': False, 'rationale': 'Sorgu nesnel bir bilgi yapısı içermektedir.'}"
2026-07-30 22:30:53,PASSED,NONE,best movie in world,SUBJECTIVE_REFUSAL,The Best Movie,"{'reliability_score': 1.0, 'confidence_prob': 0.898, 'semantic_entropy': 0.7693, 'calibrated_ece': 0.02, 'adaptive_threshold': 0.45}","{'is_subjective': True, 'rationale': 'Sözcüksel/Sentaks Analizi (`POS=JJS` veya Göreceli Sıfat) öznel bir değerlendirme tespit etti.'}"
2026-07-30 22:30:54,PASSED,NONE,most beautiful city in europe,SUBJECTIVE_REFUSAL,Barcelona,"{'reliability_score': 0.794, 'confidence_prob': 0.6979, 'semantic_entropy': 0.9949, 'calibrated_ece': 0.02, 'adaptive_threshold': 0.75}","{'is_subjective': True, 'rationale': 'Sözcüksel/Sentaks Analizi (`POS=JJS` veya Göreceli Sıfat) öznel bir değerlendirme tespit etti.'}"
2026-07-30 22:30:55,PASSED,NONE,funniest comedian,SUBJECTIVE_REFUSAL,Charlie,"{'reliability_score': 1.0, 'confidence_prob': 0.9371, 'semantic_entropy': 0.3276, 'calibrated_ece': 0.02, 'adaptive_threshold': 0.75}","{'is_subjective': True, 'rationale': 'Sözcüksel/Sentaks Analizi (`POS=JJS` veya Göreceli Sıfat) öznel bir değerlendirme tespit etti.'}"
2026-07-30 22:30:55,PASSED,NONE,capital of Atlantis,LOW_CONFIDENCE_REFUSAL,Delos,"{'reliability_score': 0.6156, 'confidence_prob': 0.5859, 'semantic_entropy': 1.2237, 'calibrated_ece': 0.02, 'adaptive_threshold': 0.75}","{'is_subjective': False, 'rationale': 'Sorgu nesnel bir bilgi yapısı içermektedir.'}"
2026-07-30 22:30:56,PASSED,NONE,capital of France,Paris,Paris,"{'reliability_score': 1.0, 'confidence_prob': 1.0, 'semantic_entropy': 0.0001, 'calibrated_ece': 0.02, 'adaptive_threshold': 0.75}","{'is_subjective': False, 'rationale': 'Sorgu nesnel bir bilgi yapısı içermektedir.'}"
2026-07-30 22:30:57,PASSED,NONE,capital of Germany,Berlin,Berlin,"{'reliability_score': 1.0, 'confidence_prob': 1.0, 'semantic_entropy': 0.0, 'calibrated_ece': 0.02, 'adaptive_threshold': 0.75}","{'is_subjective': False, 'rationale': 'Sorgu nesnel bir bilgi yapısı içermektedir.'}"
2026-07-30 22:30:57,PASSED,NONE,capital of India,New Delhi,New Delhi,"{'reliability_score': 1.0, 'confidence_prob': 0.8543, 'semantic_entropy': 0.4153, 'calibrated_ece': 0.02, 'adaptive_threshold': 0.75}","{'is_subjective': False, 'rationale': 'Sorgu nesnel bir bilgi yapısı içermektedir.'}"
2026-07-30 22:30:59,PASSED,NONE,best movie in world,SUBJECTIVE_REFUSAL,The Best Movie,"{'reliability_score': 1.0, 'confidence_prob': 0.898, 'semantic_entropy': 0.7693, 'calibrated_ece': 0.02, 'adaptive_threshold': 0.45}","{'is_subjective': True, 'rationale': 'Sözcüksel/Sentaks Analizi (`POS=JJS` veya Göreceli Sıfat) öznel bir değerlendirme tespit etti.'}"
2026-07-30 22:30:59,PASSED,NONE,most beautiful city in europe,SUBJECTIVE_REFUSAL,Barcelona,"{'reliability_score': 0.794, 'confidence_prob': 0.6979, 'semantic_entropy': 0.9949, 'calibrated_ece': 0.02, 'adaptive_threshold': 0.75}","{'is_subjective': True, 'rationale': 'Sözcüksel/Sentaks Analizi (`POS=JJS` veya Göreceli Sıfat) öznel bir değerlendirme tespit etti.'}"
2026-07-30 22:31:00,PASSED,NONE,funniest comedian,SUBJECTIVE_REFUSAL,Charlie,"{'reliability_score': 1.0, 'confidence_prob': 0.9371, 'semantic_entropy': 0.3276, 'calibrated_ece': 0.02, 'adaptive_threshold': 0.75}","{'is_subjective': True, 'rationale': 'Sözcüksel/Sentaks Analizi (`POS=JJS` veya Göreceli Sıfat) öznel bir değerlendirme tespit etti.'}"
2026-07-30 22:31:01,PASSED,NONE,capital of Atlantis,LOW_CONFIDENCE_REFUSAL,Delos,"{'reliability_score': 0.6156, 'confidence_prob': 0.5859, 'semantic_entropy': 1.2237, 'calibrated_ece': 0.02, 'adaptive_threshold': 0.75}","{'is_subjective': False, 'rationale': 'Sorgu nesnel bir bilgi yapısı içermektedir.'}"
2026-07-30 22:31:02,PASSED,NONE,capital of France,Paris,Paris,"{'reliability_score': 1.0, 'confidence_prob': 1.0, 'semantic_entropy': 0.0001, 'calibrated_ece': 0.02, 'adaptive_threshold': 0.75}","{'is_subjective': False, 'rationale': 'Sorgu nesnel bir bilgi yapısı içermektedir.'}"
2026-07-30 22:31:02,PASSED,NONE,capital of Germany,Berlin,Berlin,"{'reliability_score': 1.0, 'confidence_prob': 1.0, 'semantic_entropy': 0.0, 'calibrated_ece': 0.02, 'adaptive_threshold': 0.75}","{'is_subjective': False, 'rationale': 'Sorgu nesnel bir bilgi yapısı içermektedir.'}"
2026-07-30 22:31:03,PASSED,NONE,capital of India,New Delhi,New Delhi,"{'reliability_score': 1.0, 'confidence_prob': 0.8543, 'semantic_entropy': 0.4153, 'calibrated_ece': 0.02, 'adaptive_threshold': 0.75}","{'is_subjective': False, 'rationale': 'Sorgu nesnel bir bilgi yapısı içermektedir.'}"
2026-07-30 22:31:04,PASSED,NONE,best movie in world,SUBJECTIVE_REFUSAL,The Best Movie,"{'reliability_score': 1.0, 'confidence_prob': 0.898, 'semantic_entropy': 0.7693, 'calibrated_ece': 0.02, 'adaptive_threshold': 0.45}","{'is_subjective': True, 'rationale': 'Sözcüksel/Sentaks Analizi (`POS=JJS` veya Göreceli Sıfat) öznel bir değerlendirme tespit etti.'}"
2026-07-30 22:31:05,PASSED,NONE,most beautiful city in europe,SUBJECTIVE_REFUSAL,Barcelona,"{'reliability_score': 0.794, 'confidence_prob': 0.6979, 'semantic_entropy': 0.9949, 'calibrated_ece': 0.02, 'adaptive_threshold': 0.75}","{'is_subjective': True, 'rationale': 'Sözcüksel/Sentaks Analizi (`POS=JJS` veya Göreceli Sıfat) öznel bir değerlendirme tespit etti.'}"
2026-07-30 22:31:06,PASSED,NONE,funniest comedian,SUBJECTIVE_REFUSAL,Charlie,"{'reliability_score': 1.0, 'confidence_prob': 0.9371, 'semantic_entropy': 0.3276, 'calibrated_ece': 0.02, 'adaptive_threshold': 0.75}","{'is_subjective': True, 'rationale': 'Sözcüksel/Sentaks Analizi (`POS=JJS` veya Göreceli Sıfat) öznel bir değerlendirme tespit etti.'}"
2026-07-30 22:31:07,PASSED,NONE,capital of Atlantis,LOW_CONFIDENCE_REFUSAL,Delos,"{'reliability_score': 0.6156, 'confidence_prob': 0.5859, 'semantic_entropy': 1.2237, 'calibrated_ece': 0.02, 'adaptive_threshold': 0.75}","{'is_subjective': False, 'rationale': 'Sorgu nesnel bir bilgi yapısı içermektedir.'}"
2026-07-30 22:31:07,PASSED,NONE,capital of France,Paris,Paris,"{'reliability_score': 1.0, 'confidence_prob': 1.0, 'semantic_entropy': 0.0001, 'calibrated_ece': 0.02, 'adaptive_threshold': 0.75}","{'is_subjective': False, 'rationale': 'Sorgu nesnel bir bilgi yapısı içermektedir.'}"
2026-07-30 22:31:08,PASSED,NONE,capital of Germany,Berlin,Berlin,"{'reliability_score': 1.0, 'confidence_prob': 1.0, 'semantic_entropy': 0.0, 'calibrated_ece': 0.02, 'adaptive_threshold': 0.75}","{'is_subjective': False, 'rationale': 'Sorgu nesnel bir bilgi yapısı içermektedir.'}"
2026-07-30 22:31:09,PASSED,NONE,capital of India,New Delhi,New Delhi,"{'reliability_score': 1.0, 'confidence_prob': 0.8543, 'semantic_entropy': 0.4153, 'calibrated_ece': 0.02, 'adaptive_threshold': 0.75}","{'is_subjective': False, 'rationale': 'Sorgu nesnel bir bilgi yapısı içermektedir.'}"
2026-07-30 22:31:10,PASSED,NONE,best movie in world,SUBJECTIVE_REFUSAL,The Best Movie,"{'reliability_score': 1.0, 'confidence_prob': 0.898, 'semantic_entropy': 0.7693, 'calibrated_ece': 0.02, 'adaptive_threshold': 0.45}","{'is_subjective': True, 'rationale': 'Sözcüksel/Sentaks Analizi (`POS=JJS` veya Göreceli Sıfat) öznel bir değerlendirme tespit etti.'}"
2026-07-30 22:31:10,PASSED,NONE,most beautiful city in europe,SUBJECTIVE_REFUSAL,Barcelona,"{'reliability_score': 0.794, 'confidence_prob': 0.6979, 'semantic_entropy': 0.9949, 'calibrated_ece': 0.02, 'adaptive_threshold': 0.75}","{'is_subjective': True, 'rationale': 'Sözcüksel/Sentaks Analizi (`POS=JJS` veya Göreceli Sıfat) öznel bir değerlendirme tespit etti.'}"
2026-07-30 22:31:12,PASSED,NONE,funniest comedian,SUBJECTIVE_REFUSAL,Charlie,"{'reliability_score': 1.0, 'confidence_prob': 0.9371, 'semantic_entropy': 0.3276, 'calibrated_ece': 0.02, 'adaptive_threshold': 0.75}","{'is_subjective': True, 'rationale': 'Sözcüksel/Sentaks Analizi (`POS=JJS` veya Göreceli Sıfat) öznel bir değerlendirme tespit etti.'}"
2026-07-30 22:31:12,PASSED,NONE,capital of Atlantis,LOW_CONFIDENCE_REFUSAL,Delos,"{'reliability_score': 0.6156, 'confidence_prob': 0.5859, 'semantic_entropy': 1.2237, 'calibrated_ece': 0.02, 'adaptive_threshold': 0.75}","{'is_subjective': False, 'rationale': 'Sorgu nesnel bir bilgi yapısı içermektedir.'}"
2026-07-30 22:31:13,PASSED,NONE,capital of France,Paris,Paris,"{'reliability_score': 1.0, 'confidence_prob': 1.0, 'semantic_entropy': 0.0001, 'calibrated_ece': 0.02, 'adaptive_threshold': 0.75}","{'is_subjective': False, 'rationale': 'Sorgu nesnel bir bilgi yapısı içermektedir.'}"
2026-07-30 22:31:14,PASSED,NONE,capital of Germany,Berlin,Berlin,"{'reliability_score': 1.0, 'confidence_prob': 1.0, 'semantic_entropy': 0.0, 'calibrated_ece': 0.02, 'adaptive_threshold': 0.75}","{'is_subjective': False, 'rationale': 'Sorgu nesnel bir bilgi yapısı içermektedir.'}"
2026-07-30 22:31:14,PASSED,NONE,capital of India,New Delhi,New Delhi,"{'reliability_score': 1.0, 'confidence_prob': 0.8543, 'semantic_entropy': 0.4153, 'calibrated_ece': 0.02, 'adaptive_threshold': 0.75}","{'is_subjective': False, 'rationale': 'Sorgu nesnel bir bilgi yapısı içermektedir.'}"
2026-07-30 22:31:15,PASSED,NONE,best movie in world,SUBJECTIVE_REFUSAL,The Best Movie,"{'reliability_score': 1.0, 'confidence_prob': 0.898, 'semantic_entropy': 0.7693, 'calibrated_ece': 0.02, 'adaptive_threshold': 0.45}","{'is_subjective': True, 'rationale': 'Sözcüksel/Sentaks Analizi (`POS=JJS` veya Göreceli Sıfat) öznel bir değerlendirme tespit etti.'}"
2026-07-30 22:31:16,PASSED,NONE,most beautiful city in europe,SUBJECTIVE_REFUSAL,Barcelona,"{'reliability_score': 0.794, 'confidence_prob': 0.6979, 'semantic_entropy': 0.9949, 'calibrated_ece': 0.02, 'adaptive_threshold': 0.75}","{'is_subjective': True, 'rationale': 'Sözcüksel/Sentaks Analizi (`POS=JJS` veya Göreceli Sıfat) öznel bir değerlendirme tespit etti.'}"
2026-07-30 22:31:17,PASSED,NONE,funniest comedian,SUBJECTIVE_REFUSAL,Charlie,"{'reliability_score': 1.0, 'confidence_prob': 0.9371, 'semantic_entropy': 0.3276, 'calibrated_ece': 0.02, 'adaptive_threshold': 0.75}","{'is_subjective': True, 'rationale': 'Sözcüksel/Sentaks Analizi (`POS=JJS` veya Göreceli Sıfat) öznel bir değerlendirme tespit etti.'}"
2026-07-30 22:31:18,PASSED,NONE,capital of Atlantis,LOW_CONFIDENCE_REFUSAL,Delos,"{'reliability_score': 0.6156, 'confidence_prob': 0.5859, 'semantic_entropy': 1.2237, 'calibrated_ece': 0.02, 'adaptive_threshold': 0.75}","{'is_subjective': False, 'rationale': 'Sorgu nesnel bir bilgi yapısı içermektedir.'}"
2026-07-30 22:31:19,PASSED,NONE,capital of France,Paris,Paris,"{'reliability_score': 1.0, 'confidence_prob': 1.0, 'semantic_entropy': 0.0001, 'calibrated_ece': 0.02, 'adaptive_threshold': 0.75}","{'is_subjective': False, 'rationale': 'Sorgu nesnel bir bilgi yapısı içermektedir.'}"
2026-07-30 22:31:20,PASSED,NONE,capital of Germany,Berlin,Berlin,"{'reliability_score': 1.0, 'confidence_prob': 1.0, 'semantic_entropy': 0.0, 'calibrated_ece': 0.02, 'adaptive_threshold': 0.75}","{'is_subjective': False, 'rationale': 'Sorgu nesnel bir bilgi yapısı içermektedir.'}"
2026-07-30 22:31:21,PASSED,NONE,capital of India,New Delhi,New Delhi,"{'reliability_score': 1.0, 'confidence_prob': 0.8543, 'semantic_entropy': 0.4153, 'calibrated_ece': 0.02, 'adaptive_threshold': 0.75}","{'is_subjective': False, 'rationale': 'Sorgu nesnel bir bilgi yapısı içermektedir.'}"
2026-07-30 22:31:22,PASSED,NONE,best movie in world,SUBJECTIVE_REFUSAL,The Best Movie,"{'reliability_score': 1.0, 'confidence_prob': 0.898, 'semantic_entropy': 0.7693, 'calibrated_ece': 0.02, 'adaptive_threshold': 0.45}","{'is_subjective': True, 'rationale': 'Sözcüksel/Sentaks Analizi (`POS=JJS` veya Göreceli Sıfat) öznel bir değerlendirme tespit etti.'}"
2026-07-30 22:31:22,PASSED,NONE,most beautiful city in europe,SUBJECTIVE_REFUSAL,Barcelona,"{'reliability_score': 0.794, 'confidence_prob': 0.6979, 'semantic_entropy': 0.9949, 'calibrated_ece': 0.02, 'adaptive_threshold': 0.75}","{'is_subjective': True, 'rationale': 'Sözcüksel/Sentaks Analizi (`POS=JJS` veya Göreceli Sıfat) öznel bir değerlendirme tespit etti.'}"
2026-07-30 22:31:24,PASSED,NONE,funniest comedian,SUBJECTIVE_REFUSAL,Charlie,"{'reliability_score': 1.0, 'confidence_prob': 0.9371, 'semantic_entropy': 0.3276, 'calibrated_ece': 0.02, 'adaptive_threshold': 0.75}","{'is_subjective': True, 'rationale': 'Sözcüksel/Sentaks Analizi (`POS=JJS` veya Göreceli Sıfat) öznel bir değerlendirme tespit etti.'}"
2026-07-30 22:31:24,PASSED,NONE,capital of Atlantis,LOW_CONFIDENCE_REFUSAL,Delos,"{'reliability_score': 0.6156, 'confidence_prob': 0.5859, 'semantic_entropy': 1.2237, 'calibrated_ece': 0.02, 'adaptive_threshold': 0.75}","{'is_subjective': False, 'rationale': 'Sorgu nesnel bir bilgi yapısı içermektedir.'}"
2026-07-30 22:31:25,PASSED,NONE,capital of France,Paris,Paris,"{'reliability_score': 1.0, 'confidence_prob': 1.0, 'semantic_entropy': 0.0001, 'calibrated_ece': 0.02, 'adaptive_threshold': 0.75}","{'is_subjective': False, 'rationale': 'Sorgu nesnel bir bilgi yapısı içermektedir.'}"
2026-07-30 22:31:26,PASSED,NONE,capital of Germany,Berlin,Berlin,"{'reliability_score': 1.0, 'confidence_prob': 1.0, 'semantic_entropy': 0.0, 'calibrated_ece': 0.02, 'adaptive_threshold': 0.75}","{'is_subjective': False, 'rationale': 'Sorgu nesnel bir bilgi yapısı içermektedir.'}"
2026-07-30 22:31:26,PASSED,NONE,capital of India,New Delhi,New Delhi,"{'reliability_score': 1.0, 'confidence_prob': 0.8543, 'semantic_entropy': 0.4153, 'calibrated_ece': 0.02, 'adaptive_threshold': 0.75}","{'is_subjective': False, 'rationale': 'Sorgu nesnel bir bilgi yapısı içermektedir.'}"
2026-07-30 22:31:28,PASSED,NONE,best movie in world,SUBJECTIVE_REFUSAL,The Best Movie,"{'reliability_score': 1.0, 'confidence_prob': 0.898, 'semantic_entropy': 0.7693, 'calibrated_ece': 0.02, 'adaptive_threshold': 0.45}","{'is_subjective': True, 'rationale': 'Sözcüksel/Sentaks Analizi (`POS=JJS` veya Göreceli Sıfat) öznel bir değerlendirme tespit etti.'}"
2026-07-30 22:31:28,PASSED,NONE,most beautiful city in europe,SUBJECTIVE_REFUSAL,Barcelona,"{'reliability_score': 0.794, 'confidence_prob': 0.6979, 'semantic_entropy': 0.9949, 'calibrated_ece': 0.02, 'adaptive_threshold': 0.75}","{'is_subjective': True, 'rationale': 'Sözcüksel/Sentaks Analizi (`POS=JJS` veya Göreceli Sıfat) öznel bir değerlendirme tespit etti.'}"
2026-07-30 22:31:29,PASSED,NONE,funniest comedian,SUBJECTIVE_REFUSAL,Charlie,"{'reliability_score': 1.0, 'confidence_prob': 0.9371, 'semantic_entropy': 0.3276, 'calibrated_ece': 0.02, 'adaptive_threshold': 0.75}","{'is_subjective': True, 'rationale': 'Sözcüksel/Sentaks Analizi (`POS=JJS` veya Göreceli Sıfat) öznel bir değerlendirme tespit etti.'}"
2026-07-30 22:31:30,PASSED,NONE,capital of Atlantis,LOW_CONFIDENCE_REFUSAL,Delos,"{'reliability_score': 0.6156, 'confidence_prob': 0.5859, 'semantic_entropy': 1.2237, 'calibrated_ece': 0.02, 'adaptive_threshold': 0.75}","{'is_subjective': False, 'rationale': 'Sorgu nesnel bir bilgi yapısı içermektedir.'}"
2026-07-30 22:31:31,PASSED,NONE,capital of France,Paris,Paris,"{'reliability_score': 1.0, 'confidence_prob': 1.0, 'semantic_entropy': 0.0001, 'calibrated_ece': 0.02, 'adaptive_threshold': 0.75}","{'is_subjective': False, 'rationale': 'Sorgu nesnel bir bilgi yapısı içermektedir.'}"
2026-07-30 22:31:31,PASSED,NONE,capital of Germany,Berlin,Berlin,"{'reliability_score': 1.0, 'confidence_prob': 1.0, 'semantic_entropy': 0.0, 'calibrated_ece': 0.02, 'adaptive_threshold': 0.75}","{'is_subjective': False, 'rationale': 'Sorgu nesnel bir bilgi yapısı içermektedir.'}"
2026-07-30 22:31:32,PASSED,NONE,capital of India,New Delhi,New Delhi,"{'reliability_score': 1.0, 'confidence_prob': 0.8543, 'semantic_entropy': 0.4153, 'calibrated_ece': 0.02, 'adaptive_threshold': 0.75}","{'is_subjective': False, 'rationale': 'Sorgu nesnel bir bilgi yapısı içermektedir.'}"
2026-07-30 22:31:33,PASSED,NONE,best movie in world,SUBJECTIVE_REFUSAL,The Best Movie,"{'reliability_score': 1.0, 'confidence_prob': 0.898, 'semantic_entropy': 0.7693, 'calibrated_ece': 0.02, 'adaptive_threshold': 0.45}","{'is_subjective': True, 'rationale': 'Sözcüksel/Sentaks Analizi (`POS=JJS` veya Göreceli Sıfat) öznel bir değerlendirme tespit etti.'}"
2026-07-30 22:31:34,PASSED,NONE,most beautiful city in europe,SUBJECTIVE_REFUSAL,Barcelona,"{'reliability_score': 0.794, 'confidence_prob': 0.6979, 'semantic_entropy': 0.9949, 'calibrated_ece': 0.02, 'adaptive_threshold': 0.75}","{'is_subjective': True, 'rationale': 'Sözcüksel/Sentaks Analizi (`POS=JJS` veya Göreceli Sıfat) öznel bir değerlendirme tespit etti.'}"
2026-07-30 22:31:35,PASSED,NONE,funniest comedian,SUBJECTIVE_REFUSAL,Charlie,"{'reliability_score': 1.0, 'confidence_prob': 0.9371, 'semantic_entropy': 0.3276, 'calibrated_ece': 0.02, 'adaptive_threshold': 0.75}","{'is_subjective': True, 'rationale': 'Sözcüksel/Sentaks Analizi (`POS=JJS` veya Göreceli Sıfat) öznel bir değerlendirme tespit etti.'}"
2026-07-30 22:31:36,PASSED,NONE,capital of Atlantis,LOW_CONFIDENCE_REFUSAL,Delos,"{'reliability_score': 0.6156, 'confidence_prob': 0.5859, 'semantic_entropy': 1.2237, 'calibrated_ece': 0.02, 'adaptive_threshold': 0.75}","{'is_subjective': False, 'rationale': 'Sorgu nesnel bir bilgi yapısı içermektedir.'}"
2026-07-30 22:31:36,PASSED,NONE,capital of France,Paris,Paris,"{'reliability_score': 1.0, 'confidence_prob': 1.0, 'semantic_entropy': 0.0001, 'calibrated_ece': 0.02, 'adaptive_threshold': 0.75}","{'is_subjective': False, 'rationale': 'Sorgu nesnel bir bilgi yapısı içermektedir.'}"
2026-07-30 22:31:37,PASSED,NONE,capital of Germany,Berlin,Berlin,"{'reliability_score': 1.0, 'confidence_prob': 1.0, 'semantic_entropy': 0.0, 'calibrated_ece': 0.02, 'adaptive_threshold': 0.75}","{'is_subjective': False, 'rationale': 'Sorgu nesnel bir bilgi yapısı içermektedir.'}"
2026-07-30 22:31:38,PASSED,NONE,capital of India,New Delhi,New Delhi,"{'reliability_score': 1.0, 'confidence_prob': 0.8543, 'semantic_entropy': 0.4153, 'calibrated_ece': 0.02, 'adaptive_threshold': 0.75}","{'is_subjective': False, 'rationale': 'Sorgu nesnel bir bilgi yapısı içermektedir.'}"
2026-07-30 22:31:39,PASSED,NONE,best movie in world,SUBJECTIVE_REFUSAL,The Best Movie,"{'reliability_score': 1.0, 'confidence_prob': 0.898, 'semantic_entropy': 0.7693, 'calibrated_ece': 0.02, 'adaptive_threshold': 0.45}","{'is_subjective': True, 'rationale': 'Sözcüksel/Sentaks Analizi (`POS=JJS` veya Göreceli Sıfat) öznel bir değerlendirme tespit etti.'}"
2026-07-30 22:31:40,PASSED,NONE,most beautiful city in europe,SUBJECTIVE_REFUSAL,Barcelona,"{'reliability_score': 0.794, 'confidence_prob': 0.6979, 'semantic_entropy': 0.9949, 'calibrated_ece': 0.02, 'adaptive_threshold': 0.75}","{'is_subjective': True, 'rationale': 'Sözcüksel/Sentaks Analizi (`POS=JJS` veya Göreceli Sıfat) öznel bir değerlendirme tespit etti.'}"
2026-07-30 22:31:41,PASSED,NONE,funniest comedian,SUBJECTIVE_REFUSAL,Charlie,"{'reliability_score': 1.0, 'confidence_prob': 0.9371, 'semantic_entropy': 0.3276, 'calibrated_ece': 0.02, 'adaptive_threshold': 0.75}","{'is_subjective': True, 'rationale': 'Sözcüksel/Sentaks Analizi (`POS=JJS` veya Göreceli Sıfat) öznel bir değerlendirme tespit etti.'}"
2026-07-30 22:31:41,PASSED,NONE,capital of Atlantis,LOW_CONFIDENCE_REFUSAL,Delos,"{'reliability_score': 0.6156, 'confidence_prob': 0.5859, 'semantic_entropy': 1.2237, 'calibrated_ece': 0.02, 'adaptive_threshold': 0.75}","{'is_subjective': False, 'rationale': 'Sorgu nesnel bir bilgi yapısı içermektedir.'}"
2026-07-30 22:31:42,PASSED,NONE,capital of France,Paris,Paris,"{'reliability_score': 1.0, 'confidence_prob': 1.0, 'semantic_entropy': 0.0001, 'calibrated_ece': 0.02, 'adaptive_threshold': 0.75}","{'is_subjective': False, 'rationale': 'Sorgu nesnel bir bilgi yapısı içermektedir.'}"
2026-07-30 22:31:43,PASSED,NONE,capital of Germany,Berlin,Berlin,"{'reliability_score': 1.0, 'confidence_prob': 1.0, 'semantic_entropy': 0.0, 'calibrated_ece': 0.02, 'adaptive_threshold': 0.75}","{'is_subjective': False, 'rationale': 'Sorgu nesnel bir bilgi yapısı içermektedir.'}"
2026-07-30 22:31:43,PASSED,NONE,capital of India,New Delhi,New Delhi,"{'reliability_score': 1.0, 'confidence_prob': 0.8543, 'semantic_entropy': 0.4153, 'calibrated_ece': 0.02, 'adaptive_threshold': 0.75}","{'is_subjective': False, 'rationale': 'Sorgu nesnel bir bilgi yapısı içermektedir.'}"
2026-07-30 22:31:45,PASSED,NONE,best movie in world,SUBJECTIVE_REFUSAL,The Best Movie,"{'reliability_score': 1.0, 'confidence_prob': 0.898, 'semantic_entropy': 0.7693, 'calibrated_ece': 0.02, 'adaptive_threshold': 0.45}","{'is_subjective': True, 'rationale': 'Sözcüksel/Sentaks Analizi (`POS=JJS` veya Göreceli Sıfat) öznel bir değerlendirme tespit etti.'}"
2026-07-30 22:31:45,PASSED,NONE,most beautiful city in europe,SUBJECTIVE_REFUSAL,Barcelona,"{'reliability_score': 0.794, 'confidence_prob': 0.6979, 'semantic_entropy': 0.9949, 'calibrated_ece': 0.02, 'adaptive_threshold': 0.75}","{'is_subjective': True, 'rationale': 'Sözcüksel/Sentaks Analizi (`POS=JJS` veya Göreceli Sıfat) öznel bir değerlendirme tespit etti.'}"
2026-07-30 22:31:46,PASSED,NONE,funniest comedian,SUBJECTIVE_REFUSAL,Charlie,"{'reliability_score': 1.0, 'confidence_prob': 0.9371, 'semantic_entropy': 0.3276, 'calibrated_ece': 0.02, 'adaptive_threshold': 0.75}","{'is_subjective': True, 'rationale': 'Sözcüksel/Sentaks Analizi (`POS=JJS` veya Göreceli Sıfat) öznel bir değerlendirme tespit etti.'}"
2026-07-30 22:31:47,PASSED,NONE,capital of Atlantis,LOW_CONFIDENCE_REFUSAL,Delos,"{'reliability_score': 0.6156, 'confidence_prob': 0.5859, 'semantic_entropy': 1.2237, 'calibrated_ece': 0.02, 'adaptive_threshold': 0.75}","{'is_subjective': False, 'rationale': 'Sorgu nesnel bir bilgi yapısı içermektedir.'}"
2026-07-30 22:31:48,PASSED,NONE,capital of France,Paris,Paris,"{'reliability_score': 1.0, 'confidence_prob': 1.0, 'semantic_entropy': 0.0001, 'calibrated_ece': 0.02, 'adaptive_threshold': 0.75}","{'is_subjective': False, 'rationale': 'Sorgu nesnel bir bilgi yapısı içermektedir.'}"
2026-07-30 22:31:48,PASSED,NONE,capital of Germany,Berlin,Berlin,"{'reliability_score': 1.0, 'confidence_prob': 1.0, 'semantic_entropy': 0.0, 'calibrated_ece': 0.02, 'adaptive_threshold': 0.75}","{'is_subjective': False, 'rationale': 'Sorgu nesnel bir bilgi yapısı içermektedir.'}"
2026-07-30 22:31:49,PASSED,NONE,capital of India,New Delhi,New Delhi,"{'reliability_score': 1.0, 'confidence_prob': 0.8543, 'semantic_entropy': 0.4153, 'calibrated_ece': 0.02, 'adaptive_threshold': 0.75}","{'is_subjective': False, 'rationale': 'Sorgu nesnel bir bilgi yapısı içermektedir.'}"
2026-07-30 22:31:50,PASSED,NONE,best movie in world,SUBJECTIVE_REFUSAL,The Best Movie,"{'reliability_score': 1.0, 'confidence_prob': 0.898, 'semantic_entropy': 0.7693, 'calibrated_ece': 0.02, 'adaptive_threshold': 0.45}","{'is_subjective': True, 'rationale': 'Sözcüksel/Sentaks Analizi (`POS=JJS` veya Göreceli Sıfat) öznel bir değerlendirme tespit etti.'}"
2026-07-30 22:31:51,PASSED,NONE,most beautiful city in europe,SUBJECTIVE_REFUSAL,Barcelona,"{'reliability_score': 0.794, 'confidence_prob': 0.6979, 'semantic_entropy': 0.9949, 'calibrated_ece': 0.02, 'adaptive_threshold': 0.75}","{'is_subjective': True, 'rationale': 'Sözcüksel/Sentaks Analizi (`POS=JJS` veya Göreceli Sıfat) öznel bir değerlendirme tespit etti.'}"
2026-07-30 22:31:52,PASSED,NONE,funniest comedian,SUBJECTIVE_REFUSAL,Charlie,"{'reliability_score': 1.0, 'confidence_prob': 0.9371, 'semantic_entropy': 0.3276, 'calibrated_ece': 0.02, 'adaptive_threshold': 0.75}","{'is_subjective': True, 'rationale': 'Sözcüksel/Sentaks Analizi (`POS=JJS` veya Göreceli Sıfat) öznel bir değerlendirme tespit etti.'}"
2026-07-30 22:31:53,PASSED,NONE,capital of Atlantis,LOW_CONFIDENCE_REFUSAL,Delos,"{'reliability_score': 0.6156, 'confidence_prob': 0.5859, 'semantic_entropy': 1.2237, 'calibrated_ece': 0.02, 'adaptive_threshold': 0.75}","{'is_subjective': False, 'rationale': 'Sorgu nesnel bir bilgi yapısı içermektedir.'}"
2026-07-30 22:31:53,PASSED,NONE,capital of France,Paris,Paris,"{'reliability_score': 1.0, 'confidence_prob': 1.0, 'semantic_entropy': 0.0001, 'calibrated_ece': 0.02, 'adaptive_threshold': 0.75}","{'is_subjective': False, 'rationale': 'Sorgu nesnel bir bilgi yapısı içermektedir.'}"
2026-07-30 22:31:54,PASSED,NONE,capital of Germany,Berlin,Berlin,"{'reliability_score': 1.0, 'confidence_prob': 1.0, 'semantic_entropy': 0.0, 'calibrated_ece': 0.02, 'adaptive_threshold': 0.75}","{'is_subjective': False, 'rationale': 'Sorgu nesnel bir bilgi yapısı içermektedir.'}"
2026-07-30 22:31:55,PASSED,NONE,capital of India,New Delhi,New Delhi,"{'reliability_score': 1.0, 'confidence_prob': 0.8543, 'semantic_entropy': 0.4153, 'calibrated_ece': 0.02, 'adaptive_threshold': 0.75}","{'is_subjective': False, 'rationale': 'Sorgu nesnel bir bilgi yapısı içermektedir.'}"
2026-07-30 22:31:56,PASSED,NONE,best movie in world,SUBJECTIVE_REFUSAL,The Best Movie,"{'reliability_score': 1.0, 'confidence_prob': 0.898, 'semantic_entropy': 0.7693, 'calibrated_ece': 0.02, 'adaptive_threshold': 0.45}","{'is_subjective': True, 'rationale': 'Sözcüksel/Sentaks Analizi (`POS=JJS` veya Göreceli Sıfat) öznel bir değerlendirme tespit etti.'}"
2026-07-30 22:31:57,PASSED,NONE,most beautiful city in europe,SUBJECTIVE_REFUSAL,Barcelona,"{'reliability_score': 0.794, 'confidence_prob': 0.6979, 'semantic_entropy': 0.9949, 'calibrated_ece': 0.02, 'adaptive_threshold': 0.75}","{'is_subjective': True, 'rationale': 'Sözcüksel/Sentaks Analizi (`POS=JJS` veya Göreceli Sıfat) öznel bir değerlendirme tespit etti.'}"
2026-07-30 22:31:58,PASSED,NONE,funniest comedian,SUBJECTIVE_REFUSAL,Charlie,"{'reliability_score': 1.0, 'confidence_prob': 0.9371, 'semantic_entropy': 0.3276, 'calibrated_ece': 0.02, 'adaptive_threshold': 0.75}","{'is_subjective': True, 'rationale': 'Sözcüksel/Sentaks Analizi (`POS=JJS` veya Göreceli Sıfat) öznel bir değerlendirme tespit etti.'}"
2026-07-30 22:31:59,PASSED,NONE,capital of Atlantis,LOW_CONFIDENCE_REFUSAL,Delos,"{'reliability_score': 0.6156, 'confidence_prob': 0.5859, 'semantic_entropy': 1.2237, 'calibrated_ece': 0.02, 'adaptive_threshold': 0.75}","{'is_subjective': False, 'rationale': 'Sorgu nesnel bir bilgi yapısı içermektedir.'}"
2026-07-30 22:31:59,PASSED,NONE,capital of France,Paris,Paris,"{'reliability_score': 1.0, 'confidence_prob': 1.0, 'semantic_entropy': 0.0001, 'calibrated_ece': 0.02, 'adaptive_threshold': 0.75}","{'is_subjective': False, 'rationale': 'Sorgu nesnel bir bilgi yapısı içermektedir.'}"
2026-07-30 22:32:00,PASSED,NONE,capital of Germany,Berlin,Berlin,"{'reliability_score': 1.0, 'confidence_prob': 1.0, 'semantic_entropy': 0.0, 'calibrated_ece': 0.02, 'adaptive_threshold': 0.75}","{'is_subjective': False, 'rationale': 'Sorgu nesnel bir bilgi yapısı içermektedir.'}"
2026-07-30 22:32:01,PASSED,NONE,capital of India,New Delhi,New Delhi,"{'reliability_score': 1.0, 'confidence_prob': 0.8543, 'semantic_entropy': 0.4153, 'calibrated_ece': 0.02, 'adaptive_threshold': 0.75}","{'is_subjective': False, 'rationale': 'Sorgu nesnel bir bilgi yapısı içermektedir.'}"
2026-07-30 22:32:02,PASSED,NONE,best movie in world,SUBJECTIVE_REFUSAL,The Best Movie,"{'reliability_score': 1.0, 'confidence_prob': 0.898, 'semantic_entropy': 0.7693, 'calibrated_ece': 0.02, 'adaptive_threshold': 0.45}","{'is_subjective': True, 'rationale': 'Sözcüksel/Sentaks Analizi (`POS=JJS` veya Göreceli Sıfat) öznel bir değerlendirme tespit etti.'}"
2026-07-30 22:32:02,PASSED,NONE,most beautiful city in europe,SUBJECTIVE_REFUSAL,Barcelona,"{'reliability_score': 0.794, 'confidence_prob': 0.6979, 'semantic_entropy': 0.9949, 'calibrated_ece': 0.02, 'adaptive_threshold': 0.75}","{'is_subjective': True, 'rationale': 'Sözcüksel/Sentaks Analizi (`POS=JJS` veya Göreceli Sıfat) öznel bir değerlendirme tespit etti.'}"
2026-07-30 22:32:04,PASSED,NONE,funniest comedian,SUBJECTIVE_REFUSAL,Charlie,"{'reliability_score': 1.0, 'confidence_prob': 0.9371, 'semantic_entropy': 0.3276, 'calibrated_ece': 0.02, 'adaptive_threshold': 0.75}","{'is_subjective': True, 'rationale': 'Sözcüksel/Sentaks Analizi (`POS=JJS` veya Göreceli Sıfat) öznel bir değerlendirme tespit etti.'}"
2026-07-30 22:32:04,PASSED,NONE,capital of Atlantis,LOW_CONFIDENCE_REFUSAL,Delos,"{'reliability_score': 0.6156, 'confidence_prob': 0.5859, 'semantic_entropy': 1.2237, 'calibrated_ece': 0.02, 'adaptive_threshold': 0.75}","{'is_subjective': False, 'rationale': 'Sorgu nesnel bir bilgi yapısı içermektedir.'}"
2026-07-30 22:32:05,PASSED,NONE,capital of France,Paris,Paris,"{'reliability_score': 1.0, 'confidence_prob': 1.0, 'semantic_entropy': 0.0001, 'calibrated_ece': 0.02, 'adaptive_threshold': 0.75}","{'is_subjective': False, 'rationale': 'Sorgu nesnel bir bilgi yapısı içermektedir.'}"
2026-07-30 22:32:06,PASSED,NONE,capital of Germany,Berlin,Berlin,"{'reliability_score': 1.0, 'confidence_prob': 1.0, 'semantic_entropy': 0.0, 'calibrated_ece': 0.02, 'adaptive_threshold': 0.75}","{'is_subjective': False, 'rationale': 'Sorgu nesnel bir bilgi yapısı içermektedir.'}"
2026-07-30 22:32:06,PASSED,NONE,capital of India,New Delhi,New Delhi,"{'reliability_score': 1.0, 'confidence_prob': 0.8543, 'semantic_entropy': 0.4153, 'calibrated_ece': 0.02, 'adaptive_threshold': 0.75}","{'is_subjective': False, 'rationale': 'Sorgu nesnel bir bilgi yapısı içermektedir.'}"
2026-07-30 22:32:07,PASSED,NONE,best movie in world,SUBJECTIVE_REFUSAL,The Best Movie,"{'reliability_score': 1.0, 'confidence_prob': 0.898, 'semantic_entropy': 0.7693, 'calibrated_ece': 0.02, 'adaptive_threshold': 0.45}","{'is_subjective': True, 'rationale': 'Sözcüksel/Sentaks Analizi (`POS=JJS` veya Göreceli Sıfat) öznel bir değerlendirme tespit etti.'}"
2026-07-30 22:32:08,PASSED,NONE,most beautiful city in europe,SUBJECTIVE_REFUSAL,Barcelona,"{'reliability_score': 0.794, 'confidence_prob': 0.6979, 'semantic_entropy': 0.9949, 'calibrated_ece': 0.02, 'adaptive_threshold': 0.75}","{'is_subjective': True, 'rationale': 'Sözcüksel/Sentaks Analizi (`POS=JJS` veya Göreceli Sıfat) öznel bir değerlendirme tespit etti.'}"
2026-07-30 22:32:09,PASSED,NONE,funniest comedian,SUBJECTIVE_REFUSAL,Charlie,"{'reliability_score': 1.0, 'confidence_prob': 0.9371, 'semantic_entropy': 0.3276, 'calibrated_ece': 0.02, 'adaptive_threshold': 0.75}","{'is_subjective': True, 'rationale': 'Sözcüksel/Sentaks Analizi (`POS=JJS` veya Göreceli Sıfat) öznel bir değerlendirme tespit etti.'}"
2026-07-30 22:32:10,PASSED,NONE,capital of Atlantis,LOW_CONFIDENCE_REFUSAL,Delos,"{'reliability_score': 0.6156, 'confidence_prob': 0.5859, 'semantic_entropy': 1.2237, 'calibrated_ece': 0.02, 'adaptive_threshold': 0.75}","{'is_subjective': False, 'rationale': 'Sorgu nesnel bir bilgi yapısı içermektedir.'}"
2026-07-30 22:32:11,PASSED,NONE,capital of France,Paris,Paris,"{'reliability_score': 1.0, 'confidence_prob': 1.0, 'semantic_entropy': 0.0001, 'calibrated_ece': 0.02, 'adaptive_threshold': 0.75}","{'is_subjective': False, 'rationale': 'Sorgu nesnel bir bilgi yapısı içermektedir.'}"
2026-07-30 22:32:11,PASSED,NONE,capital of Germany,Berlin,Berlin,"{'reliability_score': 1.0, 'confidence_prob': 1.0, 'semantic_entropy': 0.0, 'calibrated_ece': 0.02, 'adaptive_threshold': 0.75}","{'is_subjective': False, 'rationale': 'Sorgu nesnel bir bilgi yapısı içermektedir.'}"
2026-07-30 22:32:12,PASSED,NONE,capital of India,New Delhi,New Delhi,"{'reliability_score': 1.0, 'confidence_prob': 0.8543, 'semantic_entropy': 0.4153, 'calibrated_ece': 0.02, 'adaptive_threshold': 0.75}","{'is_subjective': False, 'rationale': 'Sorgu nesnel bir bilgi yapısı içermektedir.'}"
2026-07-30 22:32:13,PASSED,NONE,best movie in world,SUBJECTIVE_REFUSAL,The Best Movie,"{'reliability_score': 1.0, 'confidence_prob': 0.898, 'semantic_entropy': 0.7693, 'calibrated_ece': 0.02, 'adaptive_threshold': 0.45}","{'is_subjective': True, 'rationale': 'Sözcüksel/Sentaks Analizi (`POS=JJS` veya Göreceli Sıfat) öznel bir değerlendirme tespit etti.'}"
2026-07-30 22:32:14,PASSED,NONE,most beautiful city in europe,SUBJECTIVE_REFUSAL,Barcelona,"{'reliability_score': 0.794, 'confidence_prob': 0.6979, 'semantic_entropy': 0.9949, 'calibrated_ece': 0.02, 'adaptive_threshold': 0.75}","{'is_subjective': True, 'rationale': 'Sözcüksel/Sentaks Analizi (`POS=JJS` veya Göreceli Sıfat) öznel bir değerlendirme tespit etti.'}"
2026-07-30 22:32:15,PASSED,NONE,funniest comedian,SUBJECTIVE_REFUSAL,Charlie,"{'reliability_score': 1.0, 'confidence_prob': 0.9371, 'semantic_entropy': 0.3276, 'calibrated_ece': 0.02, 'adaptive_threshold': 0.75}","{'is_subjective': True, 'rationale': 'Sözcüksel/Sentaks Analizi (`POS=JJS` veya Göreceli Sıfat) öznel bir değerlendirme tespit etti.'}"
2026-07-30 22:32:16,PASSED,NONE,capital of Atlantis,LOW_CONFIDENCE_REFUSAL,Delos,"{'reliability_score': 0.6156, 'confidence_prob': 0.5859, 'semantic_entropy': 1.2237, 'calibrated_ece': 0.02, 'adaptive_threshold': 0.75}","{'is_subjective': False, 'rationale': 'Sorgu nesnel bir bilgi yapısı içermektedir.'}"
2026-07-30 22:32:17,PASSED,NONE,capital of France,Paris,Paris,"{'reliability_score': 1.0, 'confidence_prob': 1.0, 'semantic_entropy': 0.0001, 'calibrated_ece': 0.02, 'adaptive_threshold': 0.75}","{'is_subjective': False, 'rationale': 'Sorgu nesnel bir bilgi yapısı içermektedir.'}"
2026-07-30 22:32:17,PASSED,NONE,capital of Germany,Berlin,Berlin,"{'reliability_score': 1.0, 'confidence_prob': 1.0, 'semantic_entropy': 0.0, 'calibrated_ece': 0.02, 'adaptive_threshold': 0.75}","{'is_subjective': False, 'rationale': 'Sorgu nesnel bir bilgi yapısı içermektedir.'}"
2026-07-30 22:32:18,PASSED,NONE,capital of India,New Delhi,New Delhi,"{'reliability_score': 1.0, 'confidence_prob': 0.8543, 'semantic_entropy': 0.4153, 'calibrated_ece': 0.02, 'adaptive_threshold': 0.75}","{'is_subjective': False, 'rationale': 'Sorgu nesnel bir bilgi yapısı içermektedir.'}"
2026-07-30 22:32:19,PASSED,NONE,best movie in world,SUBJECTIVE_REFUSAL,The Best Movie,"{'reliability_score': 1.0, 'confidence_prob': 0.898, 'semantic_entropy': 0.7693, 'calibrated_ece': 0.02, 'adaptive_threshold': 0.45}","{'is_subjective': True, 'rationale': 'Sözcüksel/Sentaks Analizi (`POS=JJS` veya Göreceli Sıfat) öznel bir değerlendirme tespit etti.'}"
2026-07-30 22:32:20,PASSED,NONE,most beautiful city in europe,SUBJECTIVE_REFUSAL,Barcelona,"{'reliability_score': 0.794, 'confidence_prob': 0.6979, 'semantic_entropy': 0.9949, 'calibrated_ece': 0.02, 'adaptive_threshold': 0.75}","{'is_subjective': True, 'rationale': 'Sözcüksel/Sentaks Analizi (`POS=JJS` veya Göreceli Sıfat) öznel bir değerlendirme tespit etti.'}"
2026-07-30 22:32:21,PASSED,NONE,funniest comedian,SUBJECTIVE_REFUSAL,Charlie,"{'reliability_score': 1.0, 'confidence_prob': 0.9371, 'semantic_entropy': 0.3276, 'calibrated_ece': 0.02, 'adaptive_threshold': 0.75}","{'is_subjective': True, 'rationale': 'Sözcüksel/Sentaks Analizi (`POS=JJS` veya Göreceli Sıfat) öznel bir değerlendirme tespit etti.'}"
2026-07-30 22:32:22,PASSED,NONE,capital of Atlantis,LOW_CONFIDENCE_REFUSAL,Delos,"{'reliability_score': 0.6156, 'confidence_prob': 0.5859, 'semantic_entropy': 1.2237, 'calibrated_ece': 0.02, 'adaptive_threshold': 0.75}","{'is_subjective': False, 'rationale': 'Sorgu nesnel bir bilgi yapısı içermektedir.'}"
2026-07-30 22:32:22,PASSED,NONE,capital of France,Paris,Paris,"{'reliability_score': 1.0, 'confidence_prob': 1.0, 'semantic_entropy': 0.0001, 'calibrated_ece': 0.02, 'adaptive_threshold': 0.75}","{'is_subjective': False, 'rationale': 'Sorgu nesnel bir bilgi yapısı içermektedir.'}"
2026-07-30 22:32:23,PASSED,NONE,capital of Germany,Berlin,Berlin,"{'reliability_score': 1.0, 'confidence_prob': 1.0, 'semantic_entropy': 0.0, 'calibrated_ece': 0.02, 'adaptive_threshold': 0.75}","{'is_subjective': False, 'rationale': 'Sorgu nesnel bir bilgi yapısı içermektedir.'}"
2026-07-30 22:32:24,PASSED,NONE,capital of India,New Delhi,New Delhi,"{'reliability_score': 1.0, 'confidence_prob': 0.8543, 'semantic_entropy': 0.4153, 'calibrated_ece': 0.02, 'adaptive_threshold': 0.75}","{'is_subjective': False, 'rationale': 'Sorgu nesnel bir bilgi yapısı içermektedir.'}"
2026-07-30 22:32:25,PASSED,NONE,best movie in world,SUBJECTIVE_REFUSAL,The Best Movie,"{'reliability_score': 1.0, 'confidence_prob': 0.898, 'semantic_entropy': 0.7693, 'calibrated_ece': 0.02, 'adaptive_threshold': 0.45}","{'is_subjective': True, 'rationale': 'Sözcüksel/Sentaks Analizi (`POS=JJS` veya Göreceli Sıfat) öznel bir değerlendirme tespit etti.'}"
2026-07-30 22:32:25,PASSED,NONE,most beautiful city in europe,SUBJECTIVE_REFUSAL,Barcelona,"{'reliability_score': 0.794, 'confidence_prob': 0.6979, 'semantic_entropy': 0.9949, 'calibrated_ece': 0.02, 'adaptive_threshold': 0.75}","{'is_subjective': True, 'rationale': 'Sözcüksel/Sentaks Analizi (`POS=JJS` veya Göreceli Sıfat) öznel bir değerlendirme tespit etti.'}"
2026-07-30 22:32:26,PASSED,NONE,funniest comedian,SUBJECTIVE_REFUSAL,Charlie,"{'reliability_score': 1.0, 'confidence_prob': 0.9371, 'semantic_entropy': 0.3276, 'calibrated_ece': 0.02, 'adaptive_threshold': 0.75}","{'is_subjective': True, 'rationale': 'Sözcüksel/Sentaks Analizi (`POS=JJS` veya Göreceli Sıfat) öznel bir değerlendirme tespit etti.'}"
2026-07-30 22:32:27,PASSED,NONE,capital of Atlantis,LOW_CONFIDENCE_REFUSAL,Delos,"{'reliability_score': 0.6156, 'confidence_prob': 0.5859, 'semantic_entropy': 1.2237, 'calibrated_ece': 0.02, 'adaptive_threshold': 0.75}","{'is_subjective': False, 'rationale': 'Sorgu nesnel bir bilgi yapısı içermektedir.'}"
2026-07-30 22:32:28,PASSED,NONE,capital of France,Paris,Paris,"{'reliability_score': 1.0, 'confidence_prob': 1.0, 'semantic_entropy': 0.0001, 'calibrated_ece': 0.02, 'adaptive_threshold': 0.75}","{'is_subjective': False, 'rationale': 'Sorgu nesnel bir bilgi yapısı içermektedir.'}"
2026-07-30 22:32:28,PASSED,NONE,capital of Germany,Berlin,Berlin,"{'reliability_score': 1.0, 'confidence_prob': 1.0, 'semantic_entropy': 0.0, 'calibrated_ece': 0.02, 'adaptive_threshold': 0.75}","{'is_subjective': False, 'rationale': 'Sorgu nesnel bir bilgi yapısı içermektedir.'}"
2026-07-30 22:32:29,PASSED,NONE,capital of India,New Delhi,New Delhi,"{'reliability_score': 1.0, 'confidence_prob': 0.8543, 'semantic_entropy': 0.4153, 'calibrated_ece': 0.02, 'adaptive_threshold': 0.75}","{'is_subjective': False, 'rationale': 'Sorgu nesnel bir bilgi yapısı içermektedir.'}"
2026-07-30 22:32:30,PASSED,NONE,best movie in world,SUBJECTIVE_REFUSAL,The Best Movie,"{'reliability_score': 1.0, 'confidence_prob': 0.898, 'semantic_entropy': 0.7693, 'calibrated_ece': 0.02, 'adaptive_threshold': 0.45}","{'is_subjective': True, 'rationale': 'Sözcüksel/Sentaks Analizi (`POS=JJS` veya Göreceli Sıfat) öznel bir değerlendirme tespit etti.'}"
2026-07-30 22:32:31,PASSED,NONE,most beautiful city in europe,SUBJECTIVE_REFUSAL,Barcelona,"{'reliability_score': 0.794, 'confidence_prob': 0.6979, 'semantic_entropy': 0.9949, 'calibrated_ece': 0.02, 'adaptive_threshold': 0.75}","{'is_subjective': True, 'rationale': 'Sözcüksel/Sentaks Analizi (`POS=JJS` veya Göreceli Sıfat) öznel bir değerlendirme tespit etti.'}"
2026-07-30 22:32:32,PASSED,NONE,funniest comedian,SUBJECTIVE_REFUSAL,Charlie,"{'reliability_score': 1.0, 'confidence_prob': 0.9371, 'semantic_entropy': 0.3276, 'calibrated_ece': 0.02, 'adaptive_threshold': 0.75}","{'is_subjective': True, 'rationale': 'Sözcüksel/Sentaks Analizi (`POS=JJS` veya Göreceli Sıfat) öznel bir değerlendirme tespit etti.'}"
2026-07-30 22:32:33,PASSED,NONE,capital of Atlantis,LOW_CONFIDENCE_REFUSAL,Delos,"{'reliability_score': 0.6156, 'confidence_prob': 0.5859, 'semantic_entropy': 1.2237, 'calibrated_ece': 0.02, 'adaptive_threshold': 0.75}","{'is_subjective': False, 'rationale': 'Sorgu nesnel bir bilgi yapısı içermektedir.'}"
2026-07-30 22:32:34,PASSED,NONE,capital of France,Paris,Paris,"{'reliability_score': 1.0, 'confidence_prob': 1.0, 'semantic_entropy': 0.0001, 'calibrated_ece': 0.02, 'adaptive_threshold': 0.75}","{'is_subjective': False, 'rationale': 'Sorgu nesnel bir bilgi yapısı içermektedir.'}"
2026-07-30 22:32:34,PASSED,NONE,capital of Germany,Berlin,Berlin,"{'reliability_score': 1.0, 'confidence_prob': 1.0, 'semantic_entropy': 0.0, 'calibrated_ece': 0.02, 'adaptive_threshold': 0.75}","{'is_subjective': False, 'rationale': 'Sorgu nesnel bir bilgi yapısı içermektedir.'}"
2026-07-30 22:32:35,PASSED,NONE,capital of India,New Delhi,New Delhi,"{'reliability_score': 1.0, 'confidence_prob': 0.8543, 'semantic_entropy': 0.4153, 'calibrated_ece': 0.02, 'adaptive_threshold': 0.75}","{'is_subjective': False, 'rationale': 'Sorgu nesnel bir bilgi yapısı içermektedir.'}"
2026-07-30 22:32:36,PASSED,NONE,best movie in world,SUBJECTIVE_REFUSAL,The Best Movie,"{'reliability_score': 1.0, 'confidence_prob': 0.898, 'semantic_entropy': 0.7693, 'calibrated_ece': 0.02, 'adaptive_threshold': 0.45}","{'is_subjective': True, 'rationale': 'Sözcüksel/Sentaks Analizi (`POS=JJS` veya Göreceli Sıfat) öznel bir değerlendirme tespit etti.'}"
2026-07-30 22:32:37,PASSED,NONE,most beautiful city in europe,SUBJECTIVE_REFUSAL,Barcelona,"{'reliability_score': 0.794, 'confidence_prob': 0.6979, 'semantic_entropy': 0.9949, 'calibrated_ece': 0.02, 'adaptive_threshold': 0.75}","{'is_subjective': True, 'rationale': 'Sözcüksel/Sentaks Analizi (`POS=JJS` veya Göreceli Sıfat) öznel bir değerlendirme tespit etti.'}"
2026-07-30 22:32:38,PASSED,NONE,funniest comedian,SUBJECTIVE_REFUSAL,Charlie,"{'reliability_score': 1.0, 'confidence_prob': 0.9371, 'semantic_entropy': 0.3276, 'calibrated_ece': 0.02, 'adaptive_threshold': 0.75}","{'is_subjective': True, 'rationale': 'Sözcüksel/Sentaks Analizi (`POS=JJS` veya Göreceli Sıfat) öznel bir değerlendirme tespit etti.'}"
2026-07-30 22:32:39,PASSED,NONE,capital of Atlantis,LOW_CONFIDENCE_REFUSAL,Delos,"{'reliability_score': 0.6156, 'confidence_prob': 0.5859, 'semantic_entropy': 1.2237, 'calibrated_ece': 0.02, 'adaptive_threshold': 0.75}","{'is_subjective': False, 'rationale': 'Sorgu nesnel bir bilgi yapısı içermektedir.'}"
2026-07-30 22:32:39,PASSED,NONE,capital of France,Paris,Paris,"{'reliability_score': 1.0, 'confidence_prob': 1.0, 'semantic_entropy': 0.0001, 'calibrated_ece': 0.02, 'adaptive_threshold': 0.75}","{'is_subjective': False, 'rationale': 'Sorgu nesnel bir bilgi yapısı içermektedir.'}"
2026-07-30 22:32:40,PASSED,NONE,capital of Germany,Berlin,Berlin,"{'reliability_score': 1.0, 'confidence_prob': 1.0, 'semantic_entropy': 0.0, 'calibrated_ece': 0.02, 'adaptive_threshold': 0.75}","{'is_subjective': False, 'rationale': 'Sorgu nesnel bir bilgi yapısı içermektedir.'}"
2026-07-30 22:32:41,PASSED,NONE,capital of India,New Delhi,New Delhi,"{'reliability_score': 1.0, 'confidence_prob': 0.8543, 'semantic_entropy': 0.4153, 'calibrated_ece': 0.02, 'adaptive_threshold': 0.75}","{'is_subjective': False, 'rationale': 'Sorgu nesnel bir bilgi yapısı içermektedir.'}"
2026-07-30 22:32:42,PASSED,NONE,best movie in world,SUBJECTIVE_REFUSAL,The Best Movie,"{'reliability_score': 1.0, 'confidence_prob': 0.898, 'semantic_entropy': 0.7693, 'calibrated_ece': 0.02, 'adaptive_threshold': 0.45}","{'is_subjective': True, 'rationale': 'Sözcüksel/Sentaks Analizi (`POS=JJS` veya Göreceli Sıfat) öznel bir değerlendirme tespit etti.'}"
2026-07-30 22:32:42,PASSED,NONE,most beautiful city in europe,SUBJECTIVE_REFUSAL,Barcelona,"{'reliability_score': 0.794, 'confidence_prob': 0.6979, 'semantic_entropy': 0.9949, 'calibrated_ece': 0.02, 'adaptive_threshold': 0.75}","{'is_subjective': True, 'rationale': 'Sözcüksel/Sentaks Analizi (`POS=JJS` veya Göreceli Sıfat) öznel bir değerlendirme tespit etti.'}"
2026-07-30 22:32:44,PASSED,NONE,funniest comedian,SUBJECTIVE_REFUSAL,Charlie,"{'reliability_score': 1.0, 'confidence_prob': 0.9371, 'semantic_entropy': 0.3276, 'calibrated_ece': 0.02, 'adaptive_threshold': 0.75}","{'is_subjective': True, 'rationale': 'Sözcüksel/Sentaks Analizi (`POS=JJS` veya Göreceli Sıfat) öznel bir değerlendirme tespit etti.'}"
2026-07-30 22:32:44,PASSED,NONE,capital of Atlantis,LOW_CONFIDENCE_REFUSAL,Delos,"{'reliability_score': 0.6156, 'confidence_prob': 0.5859, 'semantic_entropy': 1.2237, 'calibrated_ece': 0.02, 'adaptive_threshold': 0.75}","{'is_subjective': False, 'rationale': 'Sorgu nesnel bir bilgi yapısı içermektedir.'}"
2026-07-30 22:32:45,PASSED,NONE,capital of France,Paris,Paris,"{'reliability_score': 1.0, 'confidence_prob': 1.0, 'semantic_entropy': 0.0001, 'calibrated_ece': 0.02, 'adaptive_threshold': 0.75}","{'is_subjective': False, 'rationale': 'Sorgu nesnel bir bilgi yapısı içermektedir.'}"
2026-07-30 22:32:46,PASSED,NONE,capital of Germany,Berlin,Berlin,"{'reliability_score': 1.0, 'confidence_prob': 1.0, 'semantic_entropy': 0.0, 'calibrated_ece': 0.02, 'adaptive_threshold': 0.75}","{'is_subjective': False, 'rationale': 'Sorgu nesnel bir bilgi yapısı içermektedir.'}"
2026-07-30 22:32:46,PASSED,NONE,capital of India,New Delhi,New Delhi,"{'reliability_score': 1.0, 'confidence_prob': 0.8543, 'semantic_entropy': 0.4153, 'calibrated_ece': 0.02, 'adaptive_threshold': 0.75}","{'is_subjective': False, 'rationale': 'Sorgu nesnel bir bilgi yapısı içermektedir.'}"
